ID,Path,Element,Parent Path,Level,Root Element,Declared In,Declaration,Data Type,Type Source,Content,Min Occurs,Max Occurs,Required,Repeatable,Enumeration Count,Enumerated Values,Definition
1,EarthScienceSpecimen,EarthScienceSpecimen,,0,EarthScienceSpecimen,(schema),global,efg:EarthScienceSpecimenType,EFG named complexType,complex,1,1,Y,N,0,,
2,EarthScienceSpecimen/UnitSize,UnitSize,EarthScienceSpecimen,1,EarthScienceSpecimen,EarthScienceSpecimenType,local,xs:string,XML Schema built-in,simple,0,1,N,N,0,,Free text fiekd for describing the overall size of the specimen - frequently used information and therefore placed here as a summary. Details should be entered under MeasurementOrFact complex type.
3,EarthScienceSpecimen/UnitWeight,UnitWeight,EarthScienceSpecimen,1,EarthScienceSpecimen,EarthScienceSpecimenType,local,xs:string,XML Schema built-in,simple,0,1,N,N,0,,Free text field to enter gross weight of geological specimens. - frequently used information and used here as a summary. Details should be entered under MeasurementOrFact complex type
4,EarthScienceSpecimen/Hazard,Hazard,EarthScienceSpecimen,1,EarthScienceSpecimen,EarthScienceSpecimenType,local,(anonymous complexType),EFG inline,complex,0,1,N,N,0,,"Container for describing hazards that may be associated with the specimen e.g. radioactive, toxic, carcinogens etc."
5,EarthScienceSpecimen/Hazard/HazardText,HazardText,EarthScienceSpecimen/Hazard,2,EarthScienceSpecimen,EarthScienceSpecimenType,local,xs:string,XML Schema built-in,simple,0,1,N,N,0,,"Free text describing any hazards that may be associated with the specimen/unit e.g. is it radioactive, poisonous, carcinogenic?"
6,EarthScienceSpecimen/Hazard/HazardKeywords,HazardKeywords,EarthScienceSpecimen/Hazard,2,EarthScienceSpecimen,EarthScienceSpecimenType,local,xs:string (restricted),EFG inline simpleType,simple,1,unbounded,Y,Y,9,acidic | caustic | carcinogenic | heavy | neurotoxin | radioactive | sharp edges/points | toxic | unknown,
7,EarthScienceSpecimen/RockMineralUsage,RockMineralUsage,EarthScienceSpecimen,1,EarthScienceSpecimen,EarthScienceSpecimenType,local,xs:string,XML Schema built-in,simple,0,1,N,N,0,,"Description of the use to which this mineral or rock has been put e.g. building stone, ore, sculpture, cut gemstone."
8,EarthScienceSpecimen/UnitStratigraphicDetermination,UnitStratigraphicDetermination,EarthScienceSpecimen,1,EarthScienceSpecimen,EarthScienceSpecimenType,local,efg:StratigraphicAttributionsType,EFG named complexType,complex,0,1,N,N,0,,Formal stratigraphic date or correlation for an individual earth science unit (e.g. a single fossil specimen). Use efgGathering for site-related stratigraphy. This allows for individual specimens to be given an exact stratigraphic date and the wider stratigraphy of the site to also be listed.
9,EarthScienceSpecimen/UnitStratigraphicDetermination/ChronostratigraphicAttributions,ChronostratigraphicAttributions,EarthScienceSpecimen/UnitStratigraphicDetermination,2,EarthScienceSpecimen,StratigraphicAttributionsType,local,efg:ChronostratigraphicAttributionsType,EFG named complexType,complex,0,1,N,N,0,,Allows for multiple and range declarations of chronostratigraphic terms. This element combines both chronostratigraphic and geochronologic terms with preference for chronostratigraphic. (Zalasiewicz et al. 2004)
10,EarthScienceSpecimen/UnitStratigraphicDetermination/ChronostratigraphicAttributions/ChronostratigraphicAttribution,ChronostratigraphicAttribution,EarthScienceSpecimen/UnitStratigraphicDetermination/ChronostratigraphicAttributions,3,EarthScienceSpecimen,ChronostratigraphicAttributionsType,local,(anonymous complexType),EFG inline,complex,1,unbounded,Y,Y,0,,A single declaration of an identifed chronostratigraphic date
11,EarthScienceSpecimen/UnitStratigraphicDetermination/ChronostratigraphicAttributions/ChronostratigraphicAttribution/ChronoStratigraphicDivision,ChronoStratigraphicDivision,EarthScienceSpecimen/UnitStratigraphicDetermination/ChronostratigraphicAttributions/ChronostratigraphicAttribution,4,EarthScienceSpecimen,ChronostratigraphicAttributionsType,local,xs:string,XML Schema built-in,simple,1,1,Y,N,0,,"Classification level for the term e.g. eon, system, stage etc."
12,EarthScienceSpecimen/UnitStratigraphicDetermination/ChronostratigraphicAttributions/ChronostratigraphicAttribution/ChronostratigraphicName,ChronostratigraphicName,EarthScienceSpecimen/UnitStratigraphicDetermination/ChronostratigraphicAttributions/ChronostratigraphicAttribution,4,EarthScienceSpecimen,ChronostratigraphicAttributionsType,local,xs:string,XML Schema built-in,simple,1,1,Y,N,0,,"The formal geo/chrono chronologic name e.g. Jurassic, Kimmeridgian etc."
13,EarthScienceSpecimen/UnitStratigraphicDetermination/ChronostratigraphicAttributions/ChronostratigraphicAttribution/DatingQualifier,DatingQualifier,EarthScienceSpecimen/UnitStratigraphicDetermination/ChronostratigraphicAttributions/ChronostratigraphicAttribution,4,EarthScienceSpecimen,ChronostratigraphicAttributionsType,global (ref),xs:string,XML Schema built-in,simple,0,1,N,N,0,,"Allows for qualification of date terms e.g. early/lower, middle, late/upper"
14,EarthScienceSpecimen/UnitStratigraphicDetermination/ChronostratigraphicAttributions/ChronostratigraphicAttribution/Certainty,Certainty,EarthScienceSpecimen/UnitStratigraphicDetermination/ChronostratigraphicAttributions/ChronostratigraphicAttribution,4,EarthScienceSpecimen,ChronostratigraphicAttributionsType,global (ref),xs:string,XML Schema built-in,simple,0,1,N,N,0,,"Degree of certainty associated with the date determination e.g. unknown, certain, uncertain, possibly, known wrong."
15,EarthScienceSpecimen/UnitStratigraphicDetermination/ChronostratigraphicAttributions/ChronostratigraphicAttribution/RangePosition,RangePosition,EarthScienceSpecimen/UnitStratigraphicDetermination/ChronostratigraphicAttributions/ChronostratigraphicAttribution,4,EarthScienceSpecimen,ChronostratigraphicAttributionsType,local,xs:string (restricted),EFG inline simpleType,simple,0,1,N,N,0,,"text field to mark if this date is the earlest in a possible range, midway or the latest. May need to be used if there is a possibility of a range of dates."
16,EarthScienceSpecimen/UnitStratigraphicDetermination/ChronostratigraphicAttributions/ChronostratigraphicAttribution/Identifiers,Identifiers,EarthScienceSpecimen/UnitStratigraphicDetermination/ChronostratigraphicAttributions/ChronostratigraphicAttribution,4,EarthScienceSpecimen,ChronostratigraphicAttributionsType,local,efg:IdentifiersType,EFG named complexType,complex,0,1,N,N,0,,
17,EarthScienceSpecimen/UnitStratigraphicDetermination/ChronostratigraphicAttributions/ChronostratigraphicAttribution/Identifiers/Person,Person,EarthScienceSpecimen/UnitStratigraphicDetermination/ChronostratigraphicAttributions/ChronostratigraphicAttribution/Identifiers,5,EarthScienceSpecimen,IdentifiersType,local,abcd:PersonName,ABCD 2.06 (external),complex (ABCD),0,unbounded,N,Y,0,,Person type from the abcd schema
18,EarthScienceSpecimen/UnitStratigraphicDetermination/ChronostratigraphicAttributions/ChronostratigraphicAttribution/Identifiers/Organisation,Organisation,EarthScienceSpecimen/UnitStratigraphicDetermination/ChronostratigraphicAttributions/ChronostratigraphicAttribution/Identifiers,5,EarthScienceSpecimen,IdentifiersType,local,abcd:Organisation,ABCD 2.06 (external),complex (ABCD),0,unbounded,N,Y,0,,Organisation type from the abcd schema
19,EarthScienceSpecimen/UnitStratigraphicDetermination/ChronostratigraphicAttributions/ChronostratigraphicAttribution/StratigraphicMeasurementsOrFacts,StratigraphicMeasurementsOrFacts,EarthScienceSpecimen/UnitStratigraphicDetermination/ChronostratigraphicAttributions/ChronostratigraphicAttribution,4,EarthScienceSpecimen,ChronostratigraphicAttributionsType,global (ref),(anonymous complexType),EFG inline,complex,0,1,N,N,0,,"Container element for multiple measurements (e.g. thickness, dip etc.) or facts (e.g. this bed was first identified by Charles Moore as the Reptile and Fish Bed from which he obtained Nothosaurus). This element contains the standard schema complex type MeasurementOrFact."
20,EarthScienceSpecimen/UnitStratigraphicDetermination/ChronostratigraphicAttributions/ChronostratigraphicAttribution/StratigraphicMeasurementsOrFacts/StratigraphicMeasurementOrFact,StratigraphicMeasurementOrFact,EarthScienceSpecimen/UnitStratigraphicDetermination/ChronostratigraphicAttributions/ChronostratigraphicAttribution/StratigraphicMeasurementsOrFacts,5,EarthScienceSpecimen,ChronostratigraphicAttributionsType,local,abcd:MeasurementOrFact,ABCD 2.06 (external),complex (ABCD),1,unbounded,Y,Y,0,,Container for single instance of complex type MeasurementOrFact
21,EarthScienceSpecimen/UnitStratigraphicDetermination/LithostratigraphicAttributions,LithostratigraphicAttributions,EarthScienceSpecimen/UnitStratigraphicDetermination,2,EarthScienceSpecimen,StratigraphicAttributionsType,local,efg:LithostratigraphicAttributionsType,EFG named complexType,complex,0,1,N,N,0,,"Allows for multiple identifications of any named lithostratigraphic units (e.g. Penarth Group, Langport Member, Rhaetic Bone Bed)"
22,EarthScienceSpecimen/UnitStratigraphicDetermination/LithostratigraphicAttributions/LithostratigraphicAttribution,LithostratigraphicAttribution,EarthScienceSpecimen/UnitStratigraphicDetermination/LithostratigraphicAttributions,3,EarthScienceSpecimen,LithostratigraphicAttributionsType,local,(anonymous complexType),EFG inline,complex,1,unbounded,Y,Y,0,,An individual identification of a named lithostratigraphic unit e.g. The Hotwells Limestone Group. The higher lithostratigraphic terms are also allowed to cover the possibility of rock name homonyms and indexing in the absence of a complete dictionary of rock names.
23,EarthScienceSpecimen/UnitStratigraphicDetermination/LithostratigraphicAttributions/LithostratigraphicAttribution/Supergroup,Supergroup,EarthScienceSpecimen/UnitStratigraphicDetermination/LithostratigraphicAttributions/LithostratigraphicAttribution,4,EarthScienceSpecimen,LithostratigraphicAttributionsType,local,xs:string,XML Schema built-in,simple,0,1,N,N,0,,Highest level of lithostratigraphic classification
24,EarthScienceSpecimen/UnitStratigraphicDetermination/LithostratigraphicAttributions/LithostratigraphicAttribution/Group,Group,EarthScienceSpecimen/UnitStratigraphicDetermination/LithostratigraphicAttributions/LithostratigraphicAttribution,4,EarthScienceSpecimen,LithostratigraphicAttributionsType,local,xs:string,XML Schema built-in,simple,0,1,N,N,0,,Lithostratigraphic unit consisting of two or more formations
25,EarthScienceSpecimen/UnitStratigraphicDetermination/LithostratigraphicAttributions/LithostratigraphicAttribution/Formation,Formation,EarthScienceSpecimen/UnitStratigraphicDetermination/LithostratigraphicAttributions/LithostratigraphicAttribution,4,EarthScienceSpecimen,LithostratigraphicAttributionsType,local,xs:string,XML Schema built-in,simple,0,1,N,N,0,,The primary lithostratigraphic unit characterised by its lithologic features although it may be diachronous.
26,EarthScienceSpecimen/UnitStratigraphicDetermination/LithostratigraphicAttributions/LithostratigraphicAttribution/Member,Member,EarthScienceSpecimen/UnitStratigraphicDetermination/LithostratigraphicAttributions/LithostratigraphicAttribution,4,EarthScienceSpecimen,LithostratigraphicAttributionsType,local,xs:string,XML Schema built-in,simple,0,1,N,N,0,,A sub-division of a formation which may be local in extent or exhibits a distinctive lithology
27,EarthScienceSpecimen/UnitStratigraphicDetermination/LithostratigraphicAttributions/LithostratigraphicAttribution/Bed,Bed,EarthScienceSpecimen/UnitStratigraphicDetermination/LithostratigraphicAttributions/LithostratigraphicAttribution,4,EarthScienceSpecimen,LithostratigraphicAttributionsType,local,xs:string,XML Schema built-in,simple,0,1,N,N,0,,The smallest division of a named stratified series normally with well defined division from adjacent deposits.
28,EarthScienceSpecimen/UnitStratigraphicDetermination/LithostratigraphicAttributions/LithostratigraphicAttribution/InformalLithostratigraphicName,InformalLithostratigraphicName,EarthScienceSpecimen/UnitStratigraphicDetermination/LithostratigraphicAttributions/LithostratigraphicAttribution,4,EarthScienceSpecimen,LithostratigraphicAttributionsType,local,xs:string,XML Schema built-in,simple,0,1,N,N,0,,An informal lithostratigraphic name (ie. one not yet characterised as a formation or member or an old name still in general use e.g. Schaumkalk as part of the Muschelkalk or Keuper Marl as a synonym of the Mercia Mudstone Group. includes language as an attribute.
29,EarthScienceSpecimen/UnitStratigraphicDetermination/LithostratigraphicAttributions/LithostratigraphicAttribution/Certainty,Certainty,EarthScienceSpecimen/UnitStratigraphicDetermination/LithostratigraphicAttributions/LithostratigraphicAttribution,4,EarthScienceSpecimen,LithostratigraphicAttributionsType,global (ref),xs:string,XML Schema built-in,simple,0,1,N,N,0,,"Degree of certainty associated with the date determination e.g. unknown, certain, uncertain, possibly, known wrong."
30,EarthScienceSpecimen/UnitStratigraphicDetermination/LithostratigraphicAttributions/LithostratigraphicAttribution/DatingQualifier,DatingQualifier,EarthScienceSpecimen/UnitStratigraphicDetermination/LithostratigraphicAttributions/LithostratigraphicAttribution,4,EarthScienceSpecimen,LithostratigraphicAttributionsType,global (ref),xs:string,XML Schema built-in,simple,0,1,N,N,0,,"Allows for qualification of date terms e.g. early/lower, middle, late/upper"
31,EarthScienceSpecimen/UnitStratigraphicDetermination/LithostratigraphicAttributions/LithostratigraphicAttribution/Identifiers,Identifiers,EarthScienceSpecimen/UnitStratigraphicDetermination/LithostratigraphicAttributions/LithostratigraphicAttribution,4,EarthScienceSpecimen,LithostratigraphicAttributionsType,local,efg:IdentifiersType,EFG named complexType,complex,0,1,N,N,0,,
32,EarthScienceSpecimen/UnitStratigraphicDetermination/LithostratigraphicAttributions/LithostratigraphicAttribution/Identifiers/Person,Person,EarthScienceSpecimen/UnitStratigraphicDetermination/LithostratigraphicAttributions/LithostratigraphicAttribution/Identifiers,5,EarthScienceSpecimen,IdentifiersType,local,abcd:PersonName,ABCD 2.06 (external),complex (ABCD),0,unbounded,N,Y,0,,Person type from the abcd schema
33,EarthScienceSpecimen/UnitStratigraphicDetermination/LithostratigraphicAttributions/LithostratigraphicAttribution/Identifiers/Organisation,Organisation,EarthScienceSpecimen/UnitStratigraphicDetermination/LithostratigraphicAttributions/LithostratigraphicAttribution/Identifiers,5,EarthScienceSpecimen,IdentifiersType,local,abcd:Organisation,ABCD 2.06 (external),complex (ABCD),0,unbounded,N,Y,0,,Organisation type from the abcd schema
34,EarthScienceSpecimen/UnitStratigraphicDetermination/LithostratigraphicAttributions/LithostratigraphicAttribution/StratigraphicMeasurementsOrFacts,StratigraphicMeasurementsOrFacts,EarthScienceSpecimen/UnitStratigraphicDetermination/LithostratigraphicAttributions/LithostratigraphicAttribution,4,EarthScienceSpecimen,LithostratigraphicAttributionsType,global (ref),(anonymous complexType),EFG inline,complex,0,1,N,N,0,,"Container element for multiple measurements (e.g. thickness, dip etc.) or facts (e.g. this bed was first identified by Charles Moore as the Reptile and Fish Bed from which he obtained Nothosaurus). This element contains the standard schema complex type MeasurementOrFact."
35,EarthScienceSpecimen/UnitStratigraphicDetermination/LithostratigraphicAttributions/LithostratigraphicAttribution/StratigraphicMeasurementsOrFacts/StratigraphicMeasurementOrFact,StratigraphicMeasurementOrFact,EarthScienceSpecimen/UnitStratigraphicDetermination/LithostratigraphicAttributions/LithostratigraphicAttribution/StratigraphicMeasurementsOrFacts,5,EarthScienceSpecimen,LithostratigraphicAttributionsType,local,abcd:MeasurementOrFact,ABCD 2.06 (external),complex (ABCD),1,unbounded,Y,Y,0,,Container for single instance of complex type MeasurementOrFact
36,EarthScienceSpecimen/UnitStratigraphicDetermination/BiostratigraphicAttributions,BiostratigraphicAttributions,EarthScienceSpecimen/UnitStratigraphicDetermination,2,EarthScienceSpecimen,StratigraphicAttributionsType,local,efg:BiostratigraphicAttributionsType,EFG named complexType,complex,0,1,N,N,0,,Container for optional multiple references to fossil zones e.g. where a range of zones and subzones might be represented.
37,EarthScienceSpecimen/UnitStratigraphicDetermination/BiostratigraphicAttributions/BiostratigraphicAttribution,BiostratigraphicAttribution,EarthScienceSpecimen/UnitStratigraphicDetermination/BiostratigraphicAttributions,3,EarthScienceSpecimen,BiostratigraphicAttributionsType,local,(anonymous complexType),EFG inline,complex,1,unbounded,Y,Y,0,,A single declaration of a fossil zone or subzone.
38,EarthScienceSpecimen/UnitStratigraphicDetermination/BiostratigraphicAttributions/BiostratigraphicAttribution/ZonalFossilType,ZonalFossilType,EarthScienceSpecimen/UnitStratigraphicDetermination/BiostratigraphicAttributions/BiostratigraphicAttribution,4,EarthScienceSpecimen,BiostratigraphicAttributionsType,local,xs:string,XML Schema built-in,simple,1,1,Y,N,0,,"What sort of biozone is being recorded? e.g. what animal or plant group is it based on? (ammonite, brachiopod,coral, plant, foram, nanoplankton etc.)"
39,EarthScienceSpecimen/UnitStratigraphicDetermination/BiostratigraphicAttributions/BiostratigraphicAttribution/FossilZoneName,FossilZoneName,EarthScienceSpecimen/UnitStratigraphicDetermination/BiostratigraphicAttributions/BiostratigraphicAttribution,4,EarthScienceSpecimen,BiostratigraphicAttributionsType,local,xs:string,XML Schema built-in,simple,1,1,Y,N,0,,The actual name of the biozone. Ideally this should be in its expanded form although common usage tends to abbreviate the generic epithet.
40,EarthScienceSpecimen/UnitStratigraphicDetermination/BiostratigraphicAttributions/BiostratigraphicAttribution/FossilSubzoneName,FossilSubzoneName,EarthScienceSpecimen/UnitStratigraphicDetermination/BiostratigraphicAttributions/BiostratigraphicAttribution,4,EarthScienceSpecimen,BiostratigraphicAttributionsType,local,xs:string,XML Schema built-in,simple,0,1,N,N,0,,"The subzone name, if any, this should ideally be in expanded form rather than abbreviated."
41,EarthScienceSpecimen/UnitStratigraphicDetermination/BiostratigraphicAttributions/BiostratigraphicAttribution/Certainty,Certainty,EarthScienceSpecimen/UnitStratigraphicDetermination/BiostratigraphicAttributions/BiostratigraphicAttribution,4,EarthScienceSpecimen,BiostratigraphicAttributionsType,global (ref),xs:string,XML Schema built-in,simple,0,1,N,N,0,,"Degree of certainty associated with the date determination e.g. unknown, certain, uncertain, possibly, known wrong."
42,EarthScienceSpecimen/UnitStratigraphicDetermination/BiostratigraphicAttributions/BiostratigraphicAttribution/RangePosition,RangePosition,EarthScienceSpecimen/UnitStratigraphicDetermination/BiostratigraphicAttributions/BiostratigraphicAttribution,4,EarthScienceSpecimen,BiostratigraphicAttributionsType,local,xs:string,XML Schema built-in,simple,0,1,N,N,0,,"Range position if this attribution is the earliest, midway or latest in a possible range. e.g. It is not always clear what zone a particular taxon belongs to and therefore a range may be needed."
43,EarthScienceSpecimen/UnitStratigraphicDetermination/BiostratigraphicAttributions/BiostratigraphicAttribution/DatingQualifier,DatingQualifier,EarthScienceSpecimen/UnitStratigraphicDetermination/BiostratigraphicAttributions/BiostratigraphicAttribution,4,EarthScienceSpecimen,BiostratigraphicAttributionsType,global (ref),xs:string,XML Schema built-in,simple,0,1,N,N,0,,"Allows for qualification of date terms e.g. early/lower, middle, late/upper"
44,EarthScienceSpecimen/UnitStratigraphicDetermination/BiostratigraphicAttributions/BiostratigraphicAttribution/Identifiers,Identifiers,EarthScienceSpecimen/UnitStratigraphicDetermination/BiostratigraphicAttributions/BiostratigraphicAttribution,4,EarthScienceSpecimen,BiostratigraphicAttributionsType,local,efg:IdentifiersType,EFG named complexType,complex,0,unbounded,N,Y,0,,
45,EarthScienceSpecimen/UnitStratigraphicDetermination/BiostratigraphicAttributions/BiostratigraphicAttribution/Identifiers/Person,Person,EarthScienceSpecimen/UnitStratigraphicDetermination/BiostratigraphicAttributions/BiostratigraphicAttribution/Identifiers,5,EarthScienceSpecimen,IdentifiersType,local,abcd:PersonName,ABCD 2.06 (external),complex (ABCD),0,unbounded,N,Y,0,,Person type from the abcd schema
46,EarthScienceSpecimen/UnitStratigraphicDetermination/BiostratigraphicAttributions/BiostratigraphicAttribution/Identifiers/Organisation,Organisation,EarthScienceSpecimen/UnitStratigraphicDetermination/BiostratigraphicAttributions/BiostratigraphicAttribution/Identifiers,5,EarthScienceSpecimen,IdentifiersType,local,abcd:Organisation,ABCD 2.06 (external),complex (ABCD),0,unbounded,N,Y,0,,Organisation type from the abcd schema
47,EarthScienceSpecimen/UnitStratigraphicDetermination/BiostratigraphicAttributions/BiostratigraphicAttribution/StratigraphicMeasurementsOrFacts,StratigraphicMeasurementsOrFacts,EarthScienceSpecimen/UnitStratigraphicDetermination/BiostratigraphicAttributions/BiostratigraphicAttribution,4,EarthScienceSpecimen,BiostratigraphicAttributionsType,global (ref),(anonymous complexType),EFG inline,complex,0,1,N,N,0,,"Container element for multiple measurements (e.g. thickness, dip etc.) or facts (e.g. this bed was first identified by Charles Moore as the Reptile and Fish Bed from which he obtained Nothosaurus). This element contains the standard schema complex type MeasurementOrFact."
48,EarthScienceSpecimen/UnitStratigraphicDetermination/BiostratigraphicAttributions/BiostratigraphicAttribution/StratigraphicMeasurementsOrFacts/StratigraphicMeasurementOrFact,StratigraphicMeasurementOrFact,EarthScienceSpecimen/UnitStratigraphicDetermination/BiostratigraphicAttributions/BiostratigraphicAttribution/StratigraphicMeasurementsOrFacts,5,EarthScienceSpecimen,BiostratigraphicAttributionsType,local,abcd:MeasurementOrFact,ABCD 2.06 (external),complex (ABCD),1,unbounded,Y,Y,0,,Container for single instance of complex type MeasurementOrFact
49,EarthScienceSpecimen/UnitStratigraphicDetermination/MagnetostratigraphicDeterminations,MagnetostratigraphicDeterminations,EarthScienceSpecimen/UnitStratigraphicDetermination,2,EarthScienceSpecimen,StratigraphicAttributionsType,local,efg:MagnetostratigraphicDeterminationsType,EFG named complexType,complex,0,1,N,N,0,,"Container for details of any magnetostratigraphic evidence cited to support the dating of rocks. Magnetostratigraphy uses a range of readings over a sequence of rocks to provide a pattern that is correlated with known dated sequences. It includes its own series of divisions including superchrons, chrons and subchrons."
50,EarthScienceSpecimen/UnitStratigraphicDetermination/MagnetostratigraphicDeterminations/MagnetostratigraphicDetermination,MagnetostratigraphicDetermination,EarthScienceSpecimen/UnitStratigraphicDetermination/MagnetostratigraphicDeterminations,3,EarthScienceSpecimen,MagnetostratigraphicDeterminationsType,local,(anonymous complexType),EFG inline,complex,1,unbounded,Y,Y,0,,Single record of magnetostratigraphic dating
51,EarthScienceSpecimen/UnitStratigraphicDetermination/MagnetostratigraphicDeterminations/MagnetostratigraphicDetermination/PolaritySuperchron,PolaritySuperchron,EarthScienceSpecimen/UnitStratigraphicDetermination/MagnetostratigraphicDeterminations/MagnetostratigraphicDetermination,4,EarthScienceSpecimen,MagnetostratigraphicDeterminationsType,local,xs:string,XML Schema built-in,simple,0,1,N,N,0,,largest division of magnetostratigraphic terms
52,EarthScienceSpecimen/UnitStratigraphicDetermination/MagnetostratigraphicDeterminations/MagnetostratigraphicDetermination/PolarityChron,PolarityChron,EarthScienceSpecimen/UnitStratigraphicDetermination/MagnetostratigraphicDeterminations/MagnetostratigraphicDetermination,4,EarthScienceSpecimen,MagnetostratigraphicDeterminationsType,local,xs:string,XML Schema built-in,simple,0,1,N,N,0,,Reference to numerical scheme for labelling time divisions based on magnetic anomalies and reversals
53,EarthScienceSpecimen/UnitStratigraphicDetermination/MagnetostratigraphicDeterminations/MagnetostratigraphicDetermination/PolaritySubchron,PolaritySubchron,EarthScienceSpecimen/UnitStratigraphicDetermination/MagnetostratigraphicDeterminations/MagnetostratigraphicDetermination,4,EarthScienceSpecimen,MagnetostratigraphicDeterminationsType,local,xs:string,XML Schema built-in,simple,0,1,N,N,0,,Any named subdivision of a Polarity Chron
54,EarthScienceSpecimen/UnitStratigraphicDetermination/MagnetostratigraphicDeterminations/MagnetostratigraphicDetermination/MagnetostratigraphicDetail,MagnetostratigraphicDetail,EarthScienceSpecimen/UnitStratigraphicDetermination/MagnetostratigraphicDeterminations/MagnetostratigraphicDetermination,4,EarthScienceSpecimen,MagnetostratigraphicDeterminationsType,local,xs:string,XML Schema built-in,simple,0,1,N,N,0,,Free text describing the use of magnetostratigraphic correlation.
55,EarthScienceSpecimen/UnitStratigraphicDetermination/MagnetostratigraphicDeterminations/MagnetostratigraphicDetermination/AnalysisDateTime,AnalysisDateTime,EarthScienceSpecimen/UnitStratigraphicDetermination/MagnetostratigraphicDeterminations/MagnetostratigraphicDetermination,4,EarthScienceSpecimen,MagnetostratigraphicDeterminationsType,global (ref),(anonymous complexType),EFG inline,complex,0,1,N,N,0,,When the analysis was carried out
56,EarthScienceSpecimen/UnitStratigraphicDetermination/MagnetostratigraphicDeterminations/MagnetostratigraphicDetermination/AnalysisDateTime/ExactDate,ExactDate,EarthScienceSpecimen/UnitStratigraphicDetermination/MagnetostratigraphicDeterminations/MagnetostratigraphicDetermination/AnalysisDateTime,5,EarthScienceSpecimen,MagnetostratigraphicDeterminationsType,local,abcd:DateTime,ABCD 2.06 (external),complex (ABCD),0,1,N,N,0,,Uses DateTime element from ABCD
57,EarthScienceSpecimen/UnitStratigraphicDetermination/MagnetostratigraphicDeterminations/MagnetostratigraphicDetermination/AnalysisDateTime/DateText,DateText,EarthScienceSpecimen/UnitStratigraphicDetermination/MagnetostratigraphicDeterminations/MagnetostratigraphicDetermination/AnalysisDateTime,5,EarthScienceSpecimen,MagnetostratigraphicDeterminationsType,local,xs:string,XML Schema built-in,simple,0,1,N,N,0,,Free text to allow for vague dates or description of analysis period.
58,EarthScienceSpecimen/UnitStratigraphicDetermination/MagnetostratigraphicDeterminations/MagnetostratigraphicDetermination/Certainty,Certainty,EarthScienceSpecimen/UnitStratigraphicDetermination/MagnetostratigraphicDeterminations/MagnetostratigraphicDetermination,4,EarthScienceSpecimen,MagnetostratigraphicDeterminationsType,global (ref),xs:string,XML Schema built-in,simple,0,1,N,N,0,,"Degree of certainty associated with the date determination e.g. unknown, certain, uncertain, possibly, known wrong."
59,EarthScienceSpecimen/UnitStratigraphicDetermination/MagnetostratigraphicDeterminations/MagnetostratigraphicDetermination/DatingQualifier,DatingQualifier,EarthScienceSpecimen/UnitStratigraphicDetermination/MagnetostratigraphicDeterminations/MagnetostratigraphicDetermination,4,EarthScienceSpecimen,MagnetostratigraphicDeterminationsType,global (ref),xs:string,XML Schema built-in,simple,0,1,N,N,0,,"Allows for qualification of date terms e.g. early/lower, middle, late/upper"
60,EarthScienceSpecimen/UnitStratigraphicDetermination/MagnetostratigraphicDeterminations/MagnetostratigraphicDetermination/Identifiers,Identifiers,EarthScienceSpecimen/UnitStratigraphicDetermination/MagnetostratigraphicDeterminations/MagnetostratigraphicDetermination,4,EarthScienceSpecimen,MagnetostratigraphicDeterminationsType,local,efg:IdentifiersType,EFG named complexType,complex,0,1,N,N,0,,
61,EarthScienceSpecimen/UnitStratigraphicDetermination/MagnetostratigraphicDeterminations/MagnetostratigraphicDetermination/Identifiers/Person,Person,EarthScienceSpecimen/UnitStratigraphicDetermination/MagnetostratigraphicDeterminations/MagnetostratigraphicDetermination/Identifiers,5,EarthScienceSpecimen,IdentifiersType,local,abcd:PersonName,ABCD 2.06 (external),complex (ABCD),0,unbounded,N,Y,0,,Person type from the abcd schema
62,EarthScienceSpecimen/UnitStratigraphicDetermination/MagnetostratigraphicDeterminations/MagnetostratigraphicDetermination/Identifiers/Organisation,Organisation,EarthScienceSpecimen/UnitStratigraphicDetermination/MagnetostratigraphicDeterminations/MagnetostratigraphicDetermination/Identifiers,5,EarthScienceSpecimen,IdentifiersType,local,abcd:Organisation,ABCD 2.06 (external),complex (ABCD),0,unbounded,N,Y,0,,Organisation type from the abcd schema
63,EarthScienceSpecimen/UnitStratigraphicDetermination/MagnetostratigraphicDeterminations/MagnetostratigraphicDetermination/AnalysisReferences,AnalysisReferences,EarthScienceSpecimen/UnitStratigraphicDetermination/MagnetostratigraphicDeterminations/MagnetostratigraphicDetermination,4,EarthScienceSpecimen,MagnetostratigraphicDeterminationsType,global (ref),(anonymous complexType),EFG inline,complex,0,unbounded,N,Y,0,,Container for 1 or more references related to the analysis
64,EarthScienceSpecimen/UnitStratigraphicDetermination/MagnetostratigraphicDeterminations/MagnetostratigraphicDetermination/AnalysisReferences/AnalysisReference,AnalysisReference,EarthScienceSpecimen/UnitStratigraphicDetermination/MagnetostratigraphicDeterminations/MagnetostratigraphicDetermination/AnalysisReferences,5,EarthScienceSpecimen,MagnetostratigraphicDeterminationsType,local,abcd:Reference,ABCD 2.06 (external),complex (ABCD),1,unbounded,Y,Y,0,,Individual documentary reference linked to an analysis. Uses abcd:Reference Type
65,EarthScienceSpecimen/UnitStratigraphicDetermination/IsotopeStratigraphicDeterminations,IsotopeStratigraphicDeterminations,EarthScienceSpecimen/UnitStratigraphicDetermination,2,EarthScienceSpecimen,StratigraphicAttributionsType,local,efg:IsotopeStratigraphicDeterminationsType,EFG named complexType,complex,0,1,N,N,0,,Container for detail referring to any isotope concentration study. Isotope stratigraphy uses a range of readings over a sequence of rocks to create profiles that are correlated with dated sequences.
66,EarthScienceSpecimen/UnitStratigraphicDetermination/IsotopeStratigraphicDeterminations/IsotopeStratigraphicDetermination,IsotopeStratigraphicDetermination,EarthScienceSpecimen/UnitStratigraphicDetermination/IsotopeStratigraphicDeterminations,3,EarthScienceSpecimen,IsotopeStratigraphicDeterminationsType,local,(anonymous complexType),EFG inline,complex,1,unbounded,Y,Y,0,,Single record of an isotope stratigraphic determination
67,EarthScienceSpecimen/UnitStratigraphicDetermination/IsotopeStratigraphicDeterminations/IsotopeStratigraphicDetermination/IsotopesMeasured,IsotopesMeasured,EarthScienceSpecimen/UnitStratigraphicDetermination/IsotopeStratigraphicDeterminations/IsotopeStratigraphicDetermination,4,EarthScienceSpecimen,IsotopeStratigraphicDeterminationsType,local,xs:string,XML Schema built-in,simple,1,1,Y,N,0,,"What isotopes were used for this correlation e.g. Oxygen, Strontium, Carbon or more specific (O18/O16)"
68,EarthScienceSpecimen/UnitStratigraphicDetermination/IsotopeStratigraphicDeterminations/IsotopeStratigraphicDetermination/IsotopeStratigraphicDetail,IsotopeStratigraphicDetail,EarthScienceSpecimen/UnitStratigraphicDetermination/IsotopeStratigraphicDeterminations/IsotopeStratigraphicDetermination,4,EarthScienceSpecimen,IsotopeStratigraphicDeterminationsType,local,xs:string,XML Schema built-in,simple,1,1,Y,N,0,,Free text describing the isotope correlation result.
69,EarthScienceSpecimen/UnitStratigraphicDetermination/IsotopeStratigraphicDeterminations/IsotopeStratigraphicDetermination/AnalysisDateTime,AnalysisDateTime,EarthScienceSpecimen/UnitStratigraphicDetermination/IsotopeStratigraphicDeterminations/IsotopeStratigraphicDetermination,4,EarthScienceSpecimen,IsotopeStratigraphicDeterminationsType,global (ref),(anonymous complexType),EFG inline,complex,0,1,N,N,0,,When the analysis was carried out
70,EarthScienceSpecimen/UnitStratigraphicDetermination/IsotopeStratigraphicDeterminations/IsotopeStratigraphicDetermination/AnalysisDateTime/ExactDate,ExactDate,EarthScienceSpecimen/UnitStratigraphicDetermination/IsotopeStratigraphicDeterminations/IsotopeStratigraphicDetermination/AnalysisDateTime,5,EarthScienceSpecimen,IsotopeStratigraphicDeterminationsType,local,abcd:DateTime,ABCD 2.06 (external),complex (ABCD),0,1,N,N,0,,Uses DateTime element from ABCD
71,EarthScienceSpecimen/UnitStratigraphicDetermination/IsotopeStratigraphicDeterminations/IsotopeStratigraphicDetermination/AnalysisDateTime/DateText,DateText,EarthScienceSpecimen/UnitStratigraphicDetermination/IsotopeStratigraphicDeterminations/IsotopeStratigraphicDetermination/AnalysisDateTime,5,EarthScienceSpecimen,IsotopeStratigraphicDeterminationsType,local,xs:string,XML Schema built-in,simple,0,1,N,N,0,,Free text to allow for vague dates or description of analysis period.
72,EarthScienceSpecimen/UnitStratigraphicDetermination/IsotopeStratigraphicDeterminations/IsotopeStratigraphicDetermination/Certainty,Certainty,EarthScienceSpecimen/UnitStratigraphicDetermination/IsotopeStratigraphicDeterminations/IsotopeStratigraphicDetermination,4,EarthScienceSpecimen,IsotopeStratigraphicDeterminationsType,global (ref),xs:string,XML Schema built-in,simple,0,1,N,N,0,,"Degree of certainty associated with the date determination e.g. unknown, certain, uncertain, possibly, known wrong."
73,EarthScienceSpecimen/UnitStratigraphicDetermination/IsotopeStratigraphicDeterminations/IsotopeStratigraphicDetermination/DatingQualifier,DatingQualifier,EarthScienceSpecimen/UnitStratigraphicDetermination/IsotopeStratigraphicDeterminations/IsotopeStratigraphicDetermination,4,EarthScienceSpecimen,IsotopeStratigraphicDeterminationsType,global (ref),xs:string,XML Schema built-in,simple,0,1,N,N,0,,"Allows for qualification of date terms e.g. early/lower, middle, late/upper"
74,EarthScienceSpecimen/UnitStratigraphicDetermination/IsotopeStratigraphicDeterminations/IsotopeStratigraphicDetermination/Identifiers,Identifiers,EarthScienceSpecimen/UnitStratigraphicDetermination/IsotopeStratigraphicDeterminations/IsotopeStratigraphicDetermination,4,EarthScienceSpecimen,IsotopeStratigraphicDeterminationsType,local,efg:IdentifiersType,EFG named complexType,complex,0,1,N,N,0,,
75,EarthScienceSpecimen/UnitStratigraphicDetermination/IsotopeStratigraphicDeterminations/IsotopeStratigraphicDetermination/Identifiers/Person,Person,EarthScienceSpecimen/UnitStratigraphicDetermination/IsotopeStratigraphicDeterminations/IsotopeStratigraphicDetermination/Identifiers,5,EarthScienceSpecimen,IdentifiersType,local,abcd:PersonName,ABCD 2.06 (external),complex (ABCD),0,unbounded,N,Y,0,,Person type from the abcd schema
76,EarthScienceSpecimen/UnitStratigraphicDetermination/IsotopeStratigraphicDeterminations/IsotopeStratigraphicDetermination/Identifiers/Organisation,Organisation,EarthScienceSpecimen/UnitStratigraphicDetermination/IsotopeStratigraphicDeterminations/IsotopeStratigraphicDetermination/Identifiers,5,EarthScienceSpecimen,IdentifiersType,local,abcd:Organisation,ABCD 2.06 (external),complex (ABCD),0,unbounded,N,Y,0,,Organisation type from the abcd schema
77,EarthScienceSpecimen/UnitStratigraphicDetermination/IsotopeStratigraphicDeterminations/IsotopeStratigraphicDetermination/AnalysisReferences,AnalysisReferences,EarthScienceSpecimen/UnitStratigraphicDetermination/IsotopeStratigraphicDeterminations/IsotopeStratigraphicDetermination,4,EarthScienceSpecimen,IsotopeStratigraphicDeterminationsType,global (ref),(anonymous complexType),EFG inline,complex,0,1,N,N,0,,Container for 1 or more references related to the analysis
78,EarthScienceSpecimen/UnitStratigraphicDetermination/IsotopeStratigraphicDeterminations/IsotopeStratigraphicDetermination/AnalysisReferences/AnalysisReference,AnalysisReference,EarthScienceSpecimen/UnitStratigraphicDetermination/IsotopeStratigraphicDeterminations/IsotopeStratigraphicDetermination/AnalysisReferences,5,EarthScienceSpecimen,IsotopeStratigraphicDeterminationsType,local,abcd:Reference,ABCD 2.06 (external),complex (ABCD),1,unbounded,Y,Y,0,,Individual documentary reference linked to an analysis. Uses abcd:Reference Type
79,EarthScienceSpecimen/UnitStratigraphicDetermination/RadiometricDates,RadiometricDates,EarthScienceSpecimen/UnitStratigraphicDetermination,2,EarthScienceSpecimen,StratigraphicAttributionsType,local,efg:RadiometricDatesType,EFG named complexType,complex,0,1,N,N,0,,Container for absolute dates obtained from radiometric analysis.
80,EarthScienceSpecimen/UnitStratigraphicDetermination/RadiometricDates/RadiometricDate,RadiometricDate,EarthScienceSpecimen/UnitStratigraphicDetermination/RadiometricDates,3,EarthScienceSpecimen,RadiometricDatesType,local,(anonymous complexType),EFG inline,complex,1,unbounded,Y,Y,0,,Container for a single radiometric date analysis
81,EarthScienceSpecimen/UnitStratigraphicDetermination/RadiometricDates/RadiometricDate/RadiometricDatingMethod,RadiometricDatingMethod,EarthScienceSpecimen/UnitStratigraphicDetermination/RadiometricDates/RadiometricDate,4,EarthScienceSpecimen,RadiometricDatesType,local,xs:string,XML Schema built-in,simple,1,1,Y,N,0,,"Method, analysis technique used to determine date e.g. radiocarbon, Potassium-Argon etc."
82,EarthScienceSpecimen/UnitStratigraphicDetermination/RadiometricDates/RadiometricDate/MaterialDated,MaterialDated,EarthScienceSpecimen/UnitStratigraphicDetermination/RadiometricDates/RadiometricDate,4,EarthScienceSpecimen,RadiometricDatesType,local,xs:string,XML Schema built-in,simple,0,1,N,N,0,,"What was actually dated? e.g. Glauconite grains in a sandstone, wood from peat-core etc."
83,EarthScienceSpecimen/UnitStratigraphicDetermination/RadiometricDates/RadiometricDate/EarliestDate,EarliestDate,EarthScienceSpecimen/UnitStratigraphicDetermination/RadiometricDates/RadiometricDate,4,EarthScienceSpecimen,RadiometricDatesType,local,xs:string,XML Schema built-in,simple,1,1,Y,N,0,,The earliest date in a date range suggested by the analysis or the single date if only one is given
84,EarthScienceSpecimen/UnitStratigraphicDetermination/RadiometricDates/RadiometricDate/LatestDate,LatestDate,EarthScienceSpecimen/UnitStratigraphicDetermination/RadiometricDates/RadiometricDate,4,EarthScienceSpecimen,RadiometricDatesType,local,xs:string,XML Schema built-in,simple,0,1,N,N,0,,The latest date where a range of values is given
85,EarthScienceSpecimen/UnitStratigraphicDetermination/RadiometricDates/RadiometricDate/TimeUnit,TimeUnit,EarthScienceSpecimen/UnitStratigraphicDetermination/RadiometricDates/RadiometricDate,4,EarthScienceSpecimen,RadiometricDatesType,local,xs:string,XML Schema built-in,simple,1,1,Y,N,0,,The time units being measured or how the numbers are expressed e.g. millions of years B.P. or thousands of years B.C.
86,EarthScienceSpecimen/UnitStratigraphicDetermination/RadiometricDates/RadiometricDate/DatingAccuracy,DatingAccuracy,EarthScienceSpecimen/UnitStratigraphicDetermination/RadiometricDates/RadiometricDate,4,EarthScienceSpecimen,RadiometricDatesType,local,xs:string,XML Schema built-in,simple,0,1,N,N,0,,The degree of certainty or likely accuracy of the dating analysis e.g. +/- 1 m.y.
87,EarthScienceSpecimen/UnitStratigraphicDetermination/RadiometricDates/RadiometricDate/DatingComment,DatingComment,EarthScienceSpecimen/UnitStratigraphicDetermination/RadiometricDates/RadiometricDate,4,EarthScienceSpecimen,RadiometricDatesType,local,xs:string,XML Schema built-in,simple,0,1,N,N,0,,Free text description of the anlysis or its result.
88,EarthScienceSpecimen/UnitStratigraphicDetermination/RadiometricDates/RadiometricDate/AnalysisDateTime,AnalysisDateTime,EarthScienceSpecimen/UnitStratigraphicDetermination/RadiometricDates/RadiometricDate,4,EarthScienceSpecimen,RadiometricDatesType,global (ref),(anonymous complexType),EFG inline,complex,0,1,N,N,0,,When the analysis was carried out
89,EarthScienceSpecimen/UnitStratigraphicDetermination/RadiometricDates/RadiometricDate/AnalysisDateTime/ExactDate,ExactDate,EarthScienceSpecimen/UnitStratigraphicDetermination/RadiometricDates/RadiometricDate/AnalysisDateTime,5,EarthScienceSpecimen,RadiometricDatesType,local,abcd:DateTime,ABCD 2.06 (external),complex (ABCD),0,1,N,N,0,,Uses DateTime element from ABCD
90,EarthScienceSpecimen/UnitStratigraphicDetermination/RadiometricDates/RadiometricDate/AnalysisDateTime/DateText,DateText,EarthScienceSpecimen/UnitStratigraphicDetermination/RadiometricDates/RadiometricDate/AnalysisDateTime,5,EarthScienceSpecimen,RadiometricDatesType,local,xs:string,XML Schema built-in,simple,0,1,N,N,0,,Free text to allow for vague dates or description of analysis period.
91,EarthScienceSpecimen/UnitStratigraphicDetermination/RadiometricDates/RadiometricDate/Identifiers,Identifiers,EarthScienceSpecimen/UnitStratigraphicDetermination/RadiometricDates/RadiometricDate,4,EarthScienceSpecimen,RadiometricDatesType,local,efg:IdentifiersType,EFG named complexType,complex,0,1,N,N,0,,
92,EarthScienceSpecimen/UnitStratigraphicDetermination/RadiometricDates/RadiometricDate/Identifiers/Person,Person,EarthScienceSpecimen/UnitStratigraphicDetermination/RadiometricDates/RadiometricDate/Identifiers,5,EarthScienceSpecimen,IdentifiersType,local,abcd:PersonName,ABCD 2.06 (external),complex (ABCD),0,unbounded,N,Y,0,,Person type from the abcd schema
93,EarthScienceSpecimen/UnitStratigraphicDetermination/RadiometricDates/RadiometricDate/Identifiers/Organisation,Organisation,EarthScienceSpecimen/UnitStratigraphicDetermination/RadiometricDates/RadiometricDate/Identifiers,5,EarthScienceSpecimen,IdentifiersType,local,abcd:Organisation,ABCD 2.06 (external),complex (ABCD),0,unbounded,N,Y,0,,Organisation type from the abcd schema
94,EarthScienceSpecimen/UnitStratigraphicDetermination/RadiometricDates/RadiometricDate/AnalysisReferences,AnalysisReferences,EarthScienceSpecimen/UnitStratigraphicDetermination/RadiometricDates/RadiometricDate,4,EarthScienceSpecimen,RadiometricDatesType,global (ref),(anonymous complexType),EFG inline,complex,0,1,N,N,0,,Container for 1 or more references related to the analysis
95,EarthScienceSpecimen/UnitStratigraphicDetermination/RadiometricDates/RadiometricDate/AnalysisReferences/AnalysisReference,AnalysisReference,EarthScienceSpecimen/UnitStratigraphicDetermination/RadiometricDates/RadiometricDate/AnalysisReferences,5,EarthScienceSpecimen,RadiometricDatesType,local,abcd:Reference,ABCD 2.06 (external),complex (ABCD),1,unbounded,Y,Y,0,,Individual documentary reference linked to an analysis. Uses abcd:Reference Type
96,EarthScienceSpecimen/UnitStratigraphicDetermination/PositionInSequence,PositionInSequence,EarthScienceSpecimen/UnitStratigraphicDetermination,2,EarthScienceSpecimen,StratigraphicAttributionsType,local,xs:string,XML Schema built-in,simple,0,1,N,N,0,,The position this stratigraphic 'unit' has in the sequence for the site. e.g. a bed number
97,EarthScienceSpecimen/StratigraphicDateComment,StratigraphicDateComment,EarthScienceSpecimen,1,EarthScienceSpecimen,EarthScienceSpecimenType,local,xs:string,XML Schema built-in,simple,0,1,N,N,0,,Free text element to allow discussion of geological age of a specimen or observed feature
98,RockUnit,RockUnit,,0,RockUnit,(schema),global,efg:RockUnitType,EFG named complexType,complex,1,1,Y,N,0,,
99,RockUnit/RockType,RockType,RockUnit,1,RockUnit,RockUnitType,local,xs:string (restricted),EFG inline simpleType,simple,1,unbounded,Y,Y,23,carbonaceous | carbonate | clastic | evaporite | fault rock | gneiss | high-grade metamorphic | hornfels | igneous | igneous extrusive | igneous intrusive | low-grade metamorphic | metamorphic | metasomatic | meteorite | migmatite | mylomite | plutonic intrusive | sedimentary | schist | slate | vein / pegmatite | volcaniclastic,"For simple classification e.g. igneous, metamorphic, sedimentary or meteorite - enumeration list is provisional!"
100,RockUnit/RockPhysicalCharacteristics,RockPhysicalCharacteristics,RockUnit,1,RockUnit,RockUnitType,local,abcd:MeasurementOrFact,ABCD 2.06 (external),complex (ABCD),0,unbounded,N,Y,0,,"Container for descriptive terms and measurements related to rocks e.g. grain size, grain sphericity, crystal sizes and orientations, laminations etc."
101,RockUnit/Petrology,Petrology,RockUnit,1,RockUnit,RockUnitType,local,(anonymous complexType),EFG inline,complex,0,1,N,N,0,,Container for petrographic descriptions related to a rock or mineral unit
102,RockUnit/Petrology/PetrologyDescriptiveText,PetrologyDescriptiveText,RockUnit/Petrology,2,RockUnit,RockUnitType,local,xs:string,XML Schema built-in,simple,0,1,N,N,0,,Free text element for petrographic description of the associated rock or mineral unit.
103,RockUnit/Petrology/Petrologicalanalyses,Petrologicalanalyses,RockUnit/Petrology,2,RockUnit,RockUnitType,local,(anonymous complexType),EFG inline,complex,0,1,N,N,0,,Container element for one or morre sets of analytical results relating to the petrogenesis of a rock unit.
104,RockUnit/Petrology/Petrologicalanalyses/PetrologicalAnalysis,PetrologicalAnalysis,RockUnit/Petrology/Petrologicalanalyses,3,RockUnit,RockUnitType,local,(anonymous complexType),EFG inline,complex,1,unbounded,Y,Y,0,,Container for a single analysis related to the petrogenesis of a rock unit
105,RockUnit/Petrology/Petrologicalanalyses/PetrologicalAnalysis/PerologicalAnalysisComment,PerologicalAnalysisComment,RockUnit/Petrology/Petrologicalanalyses/PetrologicalAnalysis,4,RockUnit,RockUnitType,local,xs:string,XML Schema built-in,simple,0,1,N,N,0,,Free text element describing a petrological analysis or its results
106,RockUnit/Petrology/Petrologicalanalyses/PetrologicalAnalysis/PetrologicalAnalysisAtomised,PetrologicalAnalysisAtomised,RockUnit/Petrology/Petrologicalanalyses/PetrologicalAnalysis,4,RockUnit,RockUnitType,local,efg:AnalysisAtomisedType,EFG named complexType,complex,0,1,N,N,0,,
107,RockUnit/Petrology/Petrologicalanalyses/PetrologicalAnalysis/PetrologicalAnalysisAtomised/AnalysisMethod,AnalysisMethod,RockUnit/Petrology/Petrologicalanalyses/PetrologicalAnalysis/PetrologicalAnalysisAtomised,5,RockUnit,AnalysisAtomisedType,local,xs:string,XML Schema built-in,simple,1,1,Y,N,0,,"Analytical method used e.g. x-ray diffraction, electron probe, chemical analysis or thin section."
108,RockUnit/Petrology/Petrologicalanalyses/PetrologicalAnalysis/PetrologicalAnalysisAtomised/AnalysisDateTime,AnalysisDateTime,RockUnit/Petrology/Petrologicalanalyses/PetrologicalAnalysis/PetrologicalAnalysisAtomised,5,RockUnit,AnalysisAtomisedType,global (ref),(anonymous complexType),EFG inline,complex,0,1,N,N,0,,When the analysis was carried out
109,RockUnit/Petrology/Petrologicalanalyses/PetrologicalAnalysis/PetrologicalAnalysisAtomised/AnalysisDateTime/ExactDate,ExactDate,RockUnit/Petrology/Petrologicalanalyses/PetrologicalAnalysis/PetrologicalAnalysisAtomised/AnalysisDateTime,6,RockUnit,AnalysisAtomisedType,local,abcd:DateTime,ABCD 2.06 (external),complex (ABCD),0,1,N,N,0,,Uses DateTime element from ABCD
110,RockUnit/Petrology/Petrologicalanalyses/PetrologicalAnalysis/PetrologicalAnalysisAtomised/AnalysisDateTime/DateText,DateText,RockUnit/Petrology/Petrologicalanalyses/PetrologicalAnalysis/PetrologicalAnalysisAtomised/AnalysisDateTime,6,RockUnit,AnalysisAtomisedType,local,xs:string,XML Schema built-in,simple,0,1,N,N,0,,Free text to allow for vague dates or description of analysis period.
111,RockUnit/Petrology/Petrologicalanalyses/PetrologicalAnalysis/PetrologicalAnalysisAtomised/AnalysisBy,AnalysisBy,RockUnit/Petrology/Petrologicalanalyses/PetrologicalAnalysis/PetrologicalAnalysisAtomised,5,RockUnit,AnalysisAtomisedType,local,efg:IdentifiersType,EFG named complexType,complex,0,1,N,N,0,,Persons or organisations carrying out the analysis
112,RockUnit/Petrology/Petrologicalanalyses/PetrologicalAnalysis/PetrologicalAnalysisAtomised/AnalysisBy/Person,Person,RockUnit/Petrology/Petrologicalanalyses/PetrologicalAnalysis/PetrologicalAnalysisAtomised/AnalysisBy,6,RockUnit,IdentifiersType,local,abcd:PersonName,ABCD 2.06 (external),complex (ABCD),0,unbounded,N,Y,0,,Person type from the abcd schema
113,RockUnit/Petrology/Petrologicalanalyses/PetrologicalAnalysis/PetrologicalAnalysisAtomised/AnalysisBy/Organisation,Organisation,RockUnit/Petrology/Petrologicalanalyses/PetrologicalAnalysis/PetrologicalAnalysisAtomised/AnalysisBy,6,RockUnit,IdentifiersType,local,abcd:Organisation,ABCD 2.06 (external),complex (ABCD),0,unbounded,N,Y,0,,Organisation type from the abcd schema
114,RockUnit/Petrology/Petrologicalanalyses/PetrologicalAnalysis/PetrologicalAnalysisAtomised/AnalysisText,AnalysisText,RockUnit/Petrology/Petrologicalanalyses/PetrologicalAnalysis/PetrologicalAnalysisAtomised,5,RockUnit,AnalysisAtomisedType,local,xs:string,XML Schema built-in,simple,0,1,N,N,0,,"Free text to describe the analysis. This may be of value, for instance, if the mineral has been confirmed by x-ray diffraction but no actual analysis data are given in the analytical results."
115,RockUnit/Petrology/Petrologicalanalyses/PetrologicalAnalysis/PetrologicalAnalysisAtomised/AnalysisReferences,AnalysisReferences,RockUnit/Petrology/Petrologicalanalyses/PetrologicalAnalysis/PetrologicalAnalysisAtomised,5,RockUnit,AnalysisAtomisedType,global (ref),(anonymous complexType),EFG inline,complex,0,1,N,N,0,,Container for 1 or more references related to the analysis
116,RockUnit/Petrology/Petrologicalanalyses/PetrologicalAnalysis/PetrologicalAnalysisAtomised/AnalysisReferences/AnalysisReference,AnalysisReference,RockUnit/Petrology/Petrologicalanalyses/PetrologicalAnalysis/PetrologicalAnalysisAtomised/AnalysisReferences,6,RockUnit,AnalysisAtomisedType,local,abcd:Reference,ABCD 2.06 (external),complex (ABCD),1,unbounded,Y,Y,0,,Individual documentary reference linked to an analysis. Uses abcd:Reference Type
117,RockUnit/Petrology/Petrologicalanalyses/PetrologicalAnalysis/PetrologicalAnalysisAtomised/AnalysisResults,AnalysisResults,RockUnit/Petrology/Petrologicalanalyses/PetrologicalAnalysis/PetrologicalAnalysisAtomised,5,RockUnit,AnalysisAtomisedType,local,(anonymous complexType),EFG inline,complex,1,1,Y,N,0,,Container for multiple values obtained by analysis e.g. percentages of different elements present
118,RockUnit/Petrology/Petrologicalanalyses/PetrologicalAnalysis/PetrologicalAnalysisAtomised/AnalysisResults/AnalysisResult,AnalysisResult,RockUnit/Petrology/Petrologicalanalyses/PetrologicalAnalysis/PetrologicalAnalysisAtomised/AnalysisResults,6,RockUnit,AnalysisAtomisedType,local,(anonymous complexType),EFG inline,complex,1,unbounded,Y,Y,0,,Individual measurement made during an analysis e.g. the chemical composition of a mineral
119,RockUnit/Petrology/Petrologicalanalyses/PetrologicalAnalysis/PetrologicalAnalysisAtomised/AnalysisResults/AnalysisResult/Parameter,Parameter,RockUnit/Petrology/Petrologicalanalyses/PetrologicalAnalysis/PetrologicalAnalysisAtomised/AnalysisResults/AnalysisResult,7,RockUnit,AnalysisAtomisedType,local,xs:string,XML Schema built-in,simple,1,1,Y,N,0,,What the given value refers to e.g. amount of an individual element present in a crystalline structure or it could be chemical formula
120,RockUnit/Petrology/Petrologicalanalyses/PetrologicalAnalysis/PetrologicalAnalysisAtomised/AnalysisResults/AnalysisResult/AppliesTo,AppliesTo,RockUnit/Petrology/Petrologicalanalyses/PetrologicalAnalysis/PetrologicalAnalysisAtomised/AnalysisResults/AnalysisResult,7,RockUnit,AnalysisAtomisedType,local,xs:string,XML Schema built-in,simple,0,1,N,N,0,,Used to qualify the measurement parameter
121,RockUnit/Petrology/Petrologicalanalyses/PetrologicalAnalysis/PetrologicalAnalysisAtomised/AnalysisResults/AnalysisResult/UnitOfMeasurement,UnitOfMeasurement,RockUnit/Petrology/Petrologicalanalyses/PetrologicalAnalysis/PetrologicalAnalysisAtomised/AnalysisResults/AnalysisResult,7,RockUnit,AnalysisAtomisedType,local,xs:string,XML Schema built-in,simple,1,1,Y,N,0,,The scale used for measurements in the analysis e.g. % for amounts or RI for refractive index.
122,RockUnit/Petrology/Petrologicalanalyses/PetrologicalAnalysis/PetrologicalAnalysisAtomised/AnalysisResults/AnalysisResult/LowerValue,LowerValue,RockUnit/Petrology/Petrologicalanalyses/PetrologicalAnalysis/PetrologicalAnalysisAtomised/AnalysisResults/AnalysisResult,7,RockUnit,AnalysisAtomisedType,local,xs:string,XML Schema built-in,simple,1,1,Y,N,0,,Lower value of a range or single value. This can be expressed as a measured value e.g. 45% or as a chemical formula e.g. NaCl
123,RockUnit/Petrology/Petrologicalanalyses/PetrologicalAnalysis/PetrologicalAnalysisAtomised/AnalysisResults/AnalysisResult/UpperValue,UpperValue,RockUnit/Petrology/Petrologicalanalyses/PetrologicalAnalysis/PetrologicalAnalysisAtomised/AnalysisResults/AnalysisResult,7,RockUnit,AnalysisAtomisedType,local,xs:string,XML Schema built-in,simple,0,1,N,N,0,,Higher value or upper limit of range of values
124,RockUnit/Petrology/Petrologicalanalyses/PetrologicalAnalysis/PetrologicalAnalysisAtomised/AnalysisResults/AnalysisResult/Accuracy,Accuracy,RockUnit/Petrology/Petrologicalanalyses/PetrologicalAnalysis/PetrologicalAnalysisAtomised/AnalysisResults/AnalysisResult,7,RockUnit,AnalysisAtomisedType,local,xs:string,XML Schema built-in,simple,0,1,N,N,0,,experimental degree of eror e.g. +/- 5%
125,RockUnit/Petrology/Petrologicalanalyses/PetrologicalAnalysis/PetrologicalAnalysisAtomised/AnalysisResults/AnalysisResult/AnalysisResultComment,AnalysisResultComment,RockUnit/Petrology/Petrologicalanalyses/PetrologicalAnalysis/PetrologicalAnalysisAtomised/AnalysisResults/AnalysisResult,7,RockUnit,AnalysisAtomisedType,local,xs:string,XML Schema built-in,simple,0,1,N,N,0,,Free text comment relating to the analysis results
126,RockUnit/Petrology/AssociatedMineralAssemblage,AssociatedMineralAssemblage,RockUnit/Petrology,2,RockUnit,RockUnitType,local,efg:AssociatedMineralAssemblageType,EFG named complexType,complex,0,1,N,N,0,,
127,RockUnit/Petrology/AssociatedMineralAssemblage/AssociatedMineralList,AssociatedMineralList,RockUnit/Petrology/AssociatedMineralAssemblage,3,RockUnit,AssociatedMineralAssemblageType,local,(anonymous complexType),EFG inline,complex,1,unbounded,Y,Y,0,,
128,RockUnit/Petrology/AssociatedMineralAssemblage/AssociatedMineralList/AssociatedMineralName,AssociatedMineralName,RockUnit/Petrology/AssociatedMineralAssemblage/AssociatedMineralList,4,RockUnit,AssociatedMineralAssemblageType,local,xs:string,XML Schema built-in,simple,1,1,Y,N,0,,"A single mineral name at any level of accuracy e.g. feldspar, pyroxene etc. or orthoclase, olivine, horneblende etc."
129,RockUnit/Petrology/AssociatedMineralAssemblage/AssociatedMineralList/AssociatedMineralComment,AssociatedMineralComment,RockUnit/Petrology/AssociatedMineralAssemblage/AssociatedMineralList,4,RockUnit,AssociatedMineralAssemblageType,local,xs:string,XML Schema built-in,simple,0,1,N,N,0,,Free text for describing the occurrence of this particular mineral or any of its features.
130,RockUnit/Petrology/AssociatedMineralAssemblage/AssociatedMineralAssemblageText,AssociatedMineralAssemblageText,RockUnit/Petrology/AssociatedMineralAssemblage,3,RockUnit,AssociatedMineralAssemblageType,local,xs:string,XML Schema built-in,simple,0,1,N,N,0,,Free text for describing the features or characteristics of the overall mineral assemblage e.g.typical North Yorkshire primary copper-rich sulphide assemblage with complex secondary alteration products
131,RockUnit/AssociatedFossilAssemblage,AssociatedFossilAssemblage,RockUnit,1,RockUnit,RockUnitType,local,efg:AssociatedFossilAssemblageType,EFG named complexType,complex,0,1,N,N,0,,Container element for describing fossil assemblage associated with the rock or mineral unit
132,RockUnit/AssociatedFossilAssemblage/AssociatedFossilList,AssociatedFossilList,RockUnit/AssociatedFossilAssemblage,2,RockUnit,AssociatedFossilAssemblageType,local,(anonymous complexType),EFG inline,complex,0,unbounded,N,Y,0,,Container for one or more fossil taxa (including ichnotaxa) that constitute the fossil assemblage associated with the unit being described. Note that highly detailed information on identification or description of the taxa in the assemblage should be treated as separate but related units.
133,RockUnit/AssociatedFossilAssemblage/AssociatedFossilList/AssociatedFossilName,AssociatedFossilName,RockUnit/AssociatedFossilAssemblage/AssociatedFossilList,3,RockUnit,AssociatedFossilAssemblageType,local,xs:string,XML Schema built-in,simple,1,1,Y,N,0,,A single taxon name at any level e.g. trilobite or Dalmanites myops
134,RockUnit/AssociatedFossilAssemblage/AssociatedFossilList/AssociatedFossilComment,AssociatedFossilComment,RockUnit/AssociatedFossilAssemblage/AssociatedFossilList,3,RockUnit,AssociatedFossilAssemblageType,local,xs:string,XML Schema built-in,simple,0,1,N,N,0,,Free text for describing occurrence of this particular taxon or any of its features.
135,RockUnit/AssociatedFossilAssemblage/AssociatedFossilAssemblageText,AssociatedFossilAssemblageText,RockUnit/AssociatedFossilAssemblage,2,RockUnit,AssociatedFossilAssemblageType,local,xs:string,XML Schema built-in,simple,0,1,N,N,0,,"Free text for describing the occurrence, form or other features associated with this fossil assemblage e.g. fore-reef community, condensed reworked assemblage, serpulid bioherm with high concentration of gastropods etc."
136,RockUnit/DepositionalEnvironment,DepositionalEnvironment,RockUnit,1,RockUnit,RockUnitType,local,(anonymous complexType),EFG inline,complex,0,1,N,N,0,,"Container for describing the original environment in which thr rock was deposited or the mineral formed e.g. hypersaline lagoon, lacustrine, intertidal etc."
137,RockUnit/DepositionalEnvironment/DepositionalEnvironmentText,DepositionalEnvironmentText,RockUnit/DepositionalEnvironment,2,RockUnit,RockUnitType,local,xs:string,XML Schema built-in,simple,0,1,N,N,0,,"free text describing the original environment in which thr rock was deposited or the mineral formed e.g. hypersaline lagoon, lacustrine, intertidal etc."
138,RockUnit/DepositionalEnvironment/DepositionalEnvironmentType,DepositionalEnvironmentType,RockUnit/DepositionalEnvironment,2,RockUnit,RockUnitType,local,xs:string (restricted),EFG inline simpleType,simple,1,unbounded,Y,Y,57,alluvial fan | basinal carbonate | basinal siliceous | carbonate | cave | channel | channel lag | coarse channel fill | coastal | crater lake | crevasse splay | deep subtidal | deep subtidal ramp | deep subtidal shelf | deltaic | delta front | delta plain | dry floodplain | dune | estuarine | eolian | fissure fill | floodplain | fluvial | fluvial-deltaic | fluvial-lacustrine | foreshore | glacial | interdistributary bay | interdune | karst | lacustrine | lagoonal | levee | loess | marginal marine | marine | offshore | offshore ramp | offshore shelf | open shallow subtidal | paralic | peritidal | pond | prodelta | reef or bioherm | shallow subtidal | shoreface | shore transition zone | sinkhole | slope | swamp | restricted shallow subtidal | sand shoal | tar | terrestrial | wet floodplain,keywords from enumerated list for indexing of depositional environments
139,PalaeontologicalUnit,PalaeontologicalUnit,,0,PalaeontologicalUnit,(schema),global,efg:PalaeontologicalUnitType,EFG named complexType,complex,1,1,Y,N,0,,
140,PalaeontologicalUnit/PartOfOrganism,PartOfOrganism,PalaeontologicalUnit,1,PalaeontologicalUnit,PalaeontologicalUnitType,local,xs:string,XML Schema built-in,simple,0,1,N,N,0,,"Free text description relating to the part or parts of the organism that have been preserved e.g. shell, skeleton, skull, soft tissue etc."
141,PalaeontologicalUnit/Completeness,Completeness,PalaeontologicalUnit,1,PalaeontologicalUnit,PalaeontologicalUnitType,local,xs:string,XML Schema built-in,simple,0,1,N,N,0,,"Free text descrbing the degree of completeness of the specimen e.g. complete, cephalon only, but may describe completeness of a part e.g. complete skull"
142,PalaeontologicalUnit/Articulation,Articulation,PalaeontologicalUnit,1,PalaeontologicalUnit,PalaeontologicalUnitType,local,xs:string,XML Schema built-in,simple,0,1,N,N,0,,"Free text description of the articulation in the preserved specimen - applies to invertebrate shells and exoskeletons as well as vertebrate skeletons. e.g. articulated, dis-articulated, single valves etc."
143,PalaeontologicalUnit/FeedingPredationTraces,FeedingPredationTraces,PalaeontologicalUnit,1,PalaeontologicalUnit,PalaeontologicalUnitType,local,xs:string,XML Schema built-in,simple,0,1,N,N,0,,"Free text description relating to aspects of feeding and predation e.g. ammonite with bite mark from plesiosaur, shell drilled by predatory gastropod etc."
144,PalaeontologicalUnit/Bioerosion,Bioerosion,PalaeontologicalUnit,1,PalaeontologicalUnit,PalaeontologicalUnitType,local,xs:string,XML Schema built-in,simple,0,1,N,N,0,,"Free text description of damage due to biological action, such as, boring worms and sponges."
145,PalaeontologicalUnit/Encrustation,Encrustation,PalaeontologicalUnit,1,PalaeontologicalUnit,PalaeontologicalUnitType,local,xs:string,XML Schema built-in,simple,0,1,N,N,0,,"Free text description of biological encrustations, such as oysters and tube worms."
146,PalaeontologicalUnit/Orientation,Orientation,PalaeontologicalUnit,1,PalaeontologicalUnit,PalaeontologicalUnitType,local,xs:string,XML Schema built-in,simple,0,1,N,N,0,,"Free text description of the orientation of the fossil remains in the host rock e.g. unknown, life position, toppled etc."
147,PalaeontologicalUnit/AssemblageOrigin,AssemblageOrigin,PalaeontologicalUnit,1,PalaeontologicalUnit,PalaeontologicalUnitType,local,xs:string,XML Schema built-in,simple,0,1,N,N,0,,"Free text description relating to the mode of origin of the assemblage e.g. unknown, allocthonous, autocthonous, paraautocthonous etc."
148,PalaeontologicalUnit/PostBurialTransportation,PostBurialTransportation,PalaeontologicalUnit,1,PalaeontologicalUnit,PalaeontologicalUnitType,local,xs:string,XML Schema built-in,simple,0,1,N,N,0,,"Free text relating to any post burial transport of fossil material e.g. river transport, scree slope etc."
149,PalaeontologicalUnit/PreservationQuality,PreservationQuality,PalaeontologicalUnit,1,PalaeontologicalUnit,PalaeontologicalUnitType,local,xs:string,XML Schema built-in,simple,0,1,N,N,0,,"Free text describing the preservation quality e.g. poor, medium, good, excellent. Includes preservation of anatomical detail and softparts."
150,PalaeontologicalUnit/PreservationMode,PreservationMode,PalaeontologicalUnit,1,PalaeontologicalUnit,PalaeontologicalUnitType,local,(anonymous complexType),EFG inline,complex,0,1,N,N,0,,Container for preservation mode description and keywords
151,PalaeontologicalUnit/PreservationMode/PreservationModeText,PreservationModeText,PalaeontologicalUnit/PreservationMode,2,PalaeontologicalUnit,PalaeontologicalUnitType,local,xs:string,XML Schema built-in,simple,0,1,N,N,0,,"Free text for describing the mode of preservation e.g. is the specimen a cast or mold,are soft parts preserved or mineralised etc."
152,PalaeontologicalUnit/PreservationMode/PreservationModeKeywords,PreservationModeKeywords,PalaeontologicalUnit/PreservationMode,2,PalaeontologicalUnit,PalaeontologicalUnitType,local,xs:string (restricted),EFG inline simpleType,simple,0,unbounded,N,Y,12,adpression/compression | body | cast | charcoalification | coalified | concretion | dissolution traces | mold/impression | permineralised | recrystallised | soft parts | trace,"keywords for how fossil material has been preserved e.g. body, cast, mold, trace fossil, soft parts mineralised etc."
153,PalaeontologicalUnit/PreservationMode/PreservationSpecialMode,PreservationSpecialMode,PalaeontologicalUnit/PreservationMode,2,PalaeontologicalUnit,PalaeontologicalUnitType,local,xs:string (restricted),EFG inline simpleType,simple,0,1,N,N,11,amber | anthropogenic | bone collector | concretion | coprolite | frozen soil | hypersaline | midden | peat | tar pit | other,"Keyword for any special mode of preservation e.g. preserved in amber or frozen in tundra, tar pit etc."
154,PalaeontologicalUnit/PreservationAlteration,PreservationAlteration,PalaeontologicalUnit,1,PalaeontologicalUnit,PalaeontologicalUnitType,local,(anonymous complexType),EFG inline,complex,0,1,N,N,0,,Container for description of preservation and alsteration of specimen
155,PalaeontologicalUnit/PreservationAlteration/PreservationAlterationText,PreservationAlterationText,PalaeontologicalUnit/PreservationAlteration,2,PalaeontologicalUnit,PalaeontologicalUnitType,local,xs:string,XML Schema built-in,simple,0,1,N,N,0,,"Free text relating to mineralogical changes in preserved specimens e.g. original shell material preserved, replacement minerals, re-crystallisation, silicification etc."
156,PalaeontologicalUnit/PreservationAlteration/OriginalBiominerals,OriginalBiominerals,PalaeontologicalUnit/PreservationAlteration,2,PalaeontologicalUnit,PalaeontologicalUnitType,local,xs:string (restricted),EFG inline simpleType,simple,0,unbounded,N,Y,8,aragonite | carbon | calcite | cellulose | chitin | phosphate | silica | sporopollenin,List of original organcis or biomaterial preserved in the specimen
157,PalaeontologicalUnit/PreservationAlteration/ReplacementMinerals,ReplacementMinerals,PalaeontologicalUnit/PreservationAlteration,2,PalaeontologicalUnit,PalaeontologicalUnitType,local,xs:string (restricted),EFG inline simpleType,simple,0,unbounded,N,Y,11,calcite | carbon | dolomite | haematite | limonite | opal | phosphate | pyrite | siderite | silica | unknown,List of replacement minerals in the specimen e.g. silica
158,MineralogicalUnit,MineralogicalUnit,,0,MineralogicalUnit,(schema),global,efg:MineralogicalUnitType,EFG named complexType,complex,1,1,Y,N,0,,
159,MineralogicalUnit/MineralHabit,MineralHabit,MineralogicalUnit,1,MineralogicalUnit,MineralogicalUnitType,local,xs:string,XML Schema built-in,simple,0,1,N,N,0,,"Free text description of the mineral habit. Minerals occur in a variety of forms, which mayor may not be directly dependent on their crystalline structure e.g. nodular, columnar, radiating, mamillated, botryoidal, granular etc."
160,MineralogicalUnit/MineralColour,MineralColour,MineralogicalUnit,1,MineralogicalUnit,MineralogicalUnitType,local,xs:string,XML Schema built-in,simple,0,1,N,N,0,,Description of coloration of the mineral
161,MineralogicalUnit/CrystalForm,CrystalForm,MineralogicalUnit,1,MineralogicalUnit,MineralogicalUnitType,local,(anonymous complexType),EFG inline,complex,0,1,N,N,0,,Container element for describing the crystal form of a mineral unit.
162,MineralogicalUnit/CrystalForm/Twinning,Twinning,MineralogicalUnit/CrystalForm,2,MineralogicalUnit,MineralogicalUnitType,local,xs:string,XML Schema built-in,simple,0,1,N,N,0,,"Free text to describe any twinning features dispalyed by a mineral unit. Types include interpenetrant, rotation and geniculate."
163,MineralogicalUnit/CrystalForm/Pseudomorph,Pseudomorph,MineralogicalUnit/CrystalForm,2,MineralogicalUnit,MineralogicalUnitType,local,xs:string,XML Schema built-in,simple,0,1,N,N,0,,"Free text to describe any pseudomorph features associated with a mineral or rock unit. Types include substitution, encrustation and infill"
164,MineralogicalUnit/CrystalForm/CrystalMeasurements,CrystalMeasurements,MineralogicalUnit/CrystalForm,2,MineralogicalUnit,MineralogicalUnitType,local,(anonymous complexType),EFG inline,complex,0,1,N,N,0,,container for measurements of crystal physical and chemical characteristics
165,MineralogicalUnit/CrystalForm/CrystalMeasurements/CrystalMeasurement,CrystalMeasurement,MineralogicalUnit/CrystalForm/CrystalMeasurements,3,MineralogicalUnit,MineralogicalUnitType,local,abcd:MeasurementOrFact,ABCD 2.06 (external),complex (ABCD),1,unbounded,Y,Y,0,,Individual measurement or fact related to a crystal unit - container for standard MeasurementOrFact complex type from main schema
166,MineralogicalUnit/CrystalForm/CrystalFormText,CrystalFormText,MineralogicalUnit/CrystalForm,2,MineralogicalUnit,MineralogicalUnitType,local,xs:string,XML Schema built-in,simple,0,1,N,N,0,,Free text description of crystal form
167,MineralogicalUnit/MineralMeasurementsOrFacts,MineralMeasurementsOrFacts,MineralogicalUnit,1,MineralogicalUnit,MineralogicalUnitType,local,(anonymous complexType),EFG inline,complex,0,1,N,N,0,,"Container for measurements or facts related to physical properties of mineral e.g. streak, cleavage, specific gravity etc."
168,MineralogicalUnit/MineralMeasurementsOrFacts/MineralMeasurementOrFact,MineralMeasurementOrFact,MineralogicalUnit/MineralMeasurementsOrFacts,2,MineralogicalUnit,MineralogicalUnitType,local,abcd:MeasurementOrFact,ABCD 2.06 (external),complex (ABCD),1,unbounded,Y,Y,0,,Container for a single physical measurement or fact related to mineral
169,MineralogicalUnit/MineralDescriptionText,MineralDescriptionText,MineralogicalUnit,1,MineralogicalUnit,MineralogicalUnitType,local,xs:string,XML Schema built-in,simple,0,1,N,N,0,,"Free text description of mineral unit which may include observations on its form and occurrence, origin or other associated facts"
170,AllocthonousMaterial,AllocthonousMaterial,,0,AllocthonousMaterial,(schema),global,efg:AllocthonousMaterialType,EFG named complexType,complex,1,1,Y,N,0,,
171,AllocthonousMaterial/PlaceOfOrigin,PlaceOfOrigin,AllocthonousMaterial,1,AllocthonousMaterial,AllocthonousMaterialType,local,xs:string,XML Schema built-in,simple,0,1,N,N,0,,The place of origin for material that has been transported during its history e.g. glacial erratics and meteorites
172,AllocthonousMaterial/ModeOfTransport,ModeOfTransport,AllocthonousMaterial,1,AllocthonousMaterial,AllocthonousMaterialType,local,xs:string,XML Schema built-in,simple,1,1,Y,N,0,,"How the material was transported e.g. glacier, turbidity current, meteorite etc."
173,AllocthonousMaterial/OriginalStratigraphy,OriginalStratigraphy,AllocthonousMaterial,1,AllocthonousMaterial,AllocthonousMaterialType,local,(anonymous complexType),EFG inline,complex,0,1,N,N,0,,The original stratigraphic associations of allocthonous material e.g. a Devonian erratic obtained from a Pleistocene tillite.
174,AllocthonousMaterial/OriginalStratigraphy/StratigraphicComment,StratigraphicComment,AllocthonousMaterial/OriginalStratigraphy,2,AllocthonousMaterial,AllocthonousMaterialType,local,xs:string,XML Schema built-in,simple,0,1,N,N,0,,Free text comments relating to the straigraphy
175,AllocthonousMaterial/OriginalStratigraphy/StratigraphicAttributions,StratigraphicAttributions,AllocthonousMaterial/OriginalStratigraphy,2,AllocthonousMaterial,AllocthonousMaterialType,local,efg:StratigraphicAttributionsType,EFG named complexType,complex,1,1,Y,N,0,,
176,AllocthonousMaterial/OriginalStratigraphy/StratigraphicAttributions/ChronostratigraphicAttributions,ChronostratigraphicAttributions,AllocthonousMaterial/OriginalStratigraphy/StratigraphicAttributions,3,AllocthonousMaterial,StratigraphicAttributionsType,local,efg:ChronostratigraphicAttributionsType,EFG named complexType,complex,0,1,N,N,0,,Allows for multiple and range declarations of chronostratigraphic terms. This element combines both chronostratigraphic and geochronologic terms with preference for chronostratigraphic. (Zalasiewicz et al. 2004)
177,AllocthonousMaterial/OriginalStratigraphy/StratigraphicAttributions/ChronostratigraphicAttributions/ChronostratigraphicAttribution,ChronostratigraphicAttribution,AllocthonousMaterial/OriginalStratigraphy/StratigraphicAttributions/ChronostratigraphicAttributions,4,AllocthonousMaterial,ChronostratigraphicAttributionsType,local,(anonymous complexType),EFG inline,complex,1,unbounded,Y,Y,0,,A single declaration of an identifed chronostratigraphic date
178,AllocthonousMaterial/OriginalStratigraphy/StratigraphicAttributions/ChronostratigraphicAttributions/ChronostratigraphicAttribution/ChronoStratigraphicDivision,ChronoStratigraphicDivision,AllocthonousMaterial/OriginalStratigraphy/StratigraphicAttributions/ChronostratigraphicAttributions/ChronostratigraphicAttribution,5,AllocthonousMaterial,ChronostratigraphicAttributionsType,local,xs:string,XML Schema built-in,simple,1,1,Y,N,0,,"Classification level for the term e.g. eon, system, stage etc."
179,AllocthonousMaterial/OriginalStratigraphy/StratigraphicAttributions/ChronostratigraphicAttributions/ChronostratigraphicAttribution/ChronostratigraphicName,ChronostratigraphicName,AllocthonousMaterial/OriginalStratigraphy/StratigraphicAttributions/ChronostratigraphicAttributions/ChronostratigraphicAttribution,5,AllocthonousMaterial,ChronostratigraphicAttributionsType,local,xs:string,XML Schema built-in,simple,1,1,Y,N,0,,"The formal geo/chrono chronologic name e.g. Jurassic, Kimmeridgian etc."
180,AllocthonousMaterial/OriginalStratigraphy/StratigraphicAttributions/ChronostratigraphicAttributions/ChronostratigraphicAttribution/DatingQualifier,DatingQualifier,AllocthonousMaterial/OriginalStratigraphy/StratigraphicAttributions/ChronostratigraphicAttributions/ChronostratigraphicAttribution,5,AllocthonousMaterial,ChronostratigraphicAttributionsType,global (ref),xs:string,XML Schema built-in,simple,0,1,N,N,0,,"Allows for qualification of date terms e.g. early/lower, middle, late/upper"
181,AllocthonousMaterial/OriginalStratigraphy/StratigraphicAttributions/ChronostratigraphicAttributions/ChronostratigraphicAttribution/Certainty,Certainty,AllocthonousMaterial/OriginalStratigraphy/StratigraphicAttributions/ChronostratigraphicAttributions/ChronostratigraphicAttribution,5,AllocthonousMaterial,ChronostratigraphicAttributionsType,global (ref),xs:string,XML Schema built-in,simple,0,1,N,N,0,,"Degree of certainty associated with the date determination e.g. unknown, certain, uncertain, possibly, known wrong."
182,AllocthonousMaterial/OriginalStratigraphy/StratigraphicAttributions/ChronostratigraphicAttributions/ChronostratigraphicAttribution/RangePosition,RangePosition,AllocthonousMaterial/OriginalStratigraphy/StratigraphicAttributions/ChronostratigraphicAttributions/ChronostratigraphicAttribution,5,AllocthonousMaterial,ChronostratigraphicAttributionsType,local,xs:string (restricted),EFG inline simpleType,simple,0,1,N,N,0,,"text field to mark if this date is the earlest in a possible range, midway or the latest. May need to be used if there is a possibility of a range of dates."
183,AllocthonousMaterial/OriginalStratigraphy/StratigraphicAttributions/ChronostratigraphicAttributions/ChronostratigraphicAttribution/Identifiers,Identifiers,AllocthonousMaterial/OriginalStratigraphy/StratigraphicAttributions/ChronostratigraphicAttributions/ChronostratigraphicAttribution,5,AllocthonousMaterial,ChronostratigraphicAttributionsType,local,efg:IdentifiersType,EFG named complexType,complex,0,1,N,N,0,,
184,AllocthonousMaterial/OriginalStratigraphy/StratigraphicAttributions/ChronostratigraphicAttributions/ChronostratigraphicAttribution/Identifiers/Person,Person,AllocthonousMaterial/OriginalStratigraphy/StratigraphicAttributions/ChronostratigraphicAttributions/ChronostratigraphicAttribution/Identifiers,6,AllocthonousMaterial,IdentifiersType,local,abcd:PersonName,ABCD 2.06 (external),complex (ABCD),0,unbounded,N,Y,0,,Person type from the abcd schema
185,AllocthonousMaterial/OriginalStratigraphy/StratigraphicAttributions/ChronostratigraphicAttributions/ChronostratigraphicAttribution/Identifiers/Organisation,Organisation,AllocthonousMaterial/OriginalStratigraphy/StratigraphicAttributions/ChronostratigraphicAttributions/ChronostratigraphicAttribution/Identifiers,6,AllocthonousMaterial,IdentifiersType,local,abcd:Organisation,ABCD 2.06 (external),complex (ABCD),0,unbounded,N,Y,0,,Organisation type from the abcd schema
186,AllocthonousMaterial/OriginalStratigraphy/StratigraphicAttributions/ChronostratigraphicAttributions/ChronostratigraphicAttribution/StratigraphicMeasurementsOrFacts,StratigraphicMeasurementsOrFacts,AllocthonousMaterial/OriginalStratigraphy/StratigraphicAttributions/ChronostratigraphicAttributions/ChronostratigraphicAttribution,5,AllocthonousMaterial,ChronostratigraphicAttributionsType,global (ref),(anonymous complexType),EFG inline,complex,0,1,N,N,0,,"Container element for multiple measurements (e.g. thickness, dip etc.) or facts (e.g. this bed was first identified by Charles Moore as the Reptile and Fish Bed from which he obtained Nothosaurus). This element contains the standard schema complex type MeasurementOrFact."
187,AllocthonousMaterial/OriginalStratigraphy/StratigraphicAttributions/ChronostratigraphicAttributions/ChronostratigraphicAttribution/StratigraphicMeasurementsOrFacts/StratigraphicMeasurementOrFact,StratigraphicMeasurementOrFact,AllocthonousMaterial/OriginalStratigraphy/StratigraphicAttributions/ChronostratigraphicAttributions/ChronostratigraphicAttribution/StratigraphicMeasurementsOrFacts,6,AllocthonousMaterial,ChronostratigraphicAttributionsType,local,abcd:MeasurementOrFact,ABCD 2.06 (external),complex (ABCD),1,unbounded,Y,Y,0,,Container for single instance of complex type MeasurementOrFact
188,AllocthonousMaterial/OriginalStratigraphy/StratigraphicAttributions/LithostratigraphicAttributions,LithostratigraphicAttributions,AllocthonousMaterial/OriginalStratigraphy/StratigraphicAttributions,3,AllocthonousMaterial,StratigraphicAttributionsType,local,efg:LithostratigraphicAttributionsType,EFG named complexType,complex,0,1,N,N,0,,"Allows for multiple identifications of any named lithostratigraphic units (e.g. Penarth Group, Langport Member, Rhaetic Bone Bed)"
189,AllocthonousMaterial/OriginalStratigraphy/StratigraphicAttributions/LithostratigraphicAttributions/LithostratigraphicAttribution,LithostratigraphicAttribution,AllocthonousMaterial/OriginalStratigraphy/StratigraphicAttributions/LithostratigraphicAttributions,4,AllocthonousMaterial,LithostratigraphicAttributionsType,local,(anonymous complexType),EFG inline,complex,1,unbounded,Y,Y,0,,An individual identification of a named lithostratigraphic unit e.g. The Hotwells Limestone Group. The higher lithostratigraphic terms are also allowed to cover the possibility of rock name homonyms and indexing in the absence of a complete dictionary of rock names.
190,AllocthonousMaterial/OriginalStratigraphy/StratigraphicAttributions/LithostratigraphicAttributions/LithostratigraphicAttribution/Supergroup,Supergroup,AllocthonousMaterial/OriginalStratigraphy/StratigraphicAttributions/LithostratigraphicAttributions/LithostratigraphicAttribution,5,AllocthonousMaterial,LithostratigraphicAttributionsType,local,xs:string,XML Schema built-in,simple,0,1,N,N,0,,Highest level of lithostratigraphic classification
191,AllocthonousMaterial/OriginalStratigraphy/StratigraphicAttributions/LithostratigraphicAttributions/LithostratigraphicAttribution/Group,Group,AllocthonousMaterial/OriginalStratigraphy/StratigraphicAttributions/LithostratigraphicAttributions/LithostratigraphicAttribution,5,AllocthonousMaterial,LithostratigraphicAttributionsType,local,xs:string,XML Schema built-in,simple,0,1,N,N,0,,Lithostratigraphic unit consisting of two or more formations
192,AllocthonousMaterial/OriginalStratigraphy/StratigraphicAttributions/LithostratigraphicAttributions/LithostratigraphicAttribution/Formation,Formation,AllocthonousMaterial/OriginalStratigraphy/StratigraphicAttributions/LithostratigraphicAttributions/LithostratigraphicAttribution,5,AllocthonousMaterial,LithostratigraphicAttributionsType,local,xs:string,XML Schema built-in,simple,0,1,N,N,0,,The primary lithostratigraphic unit characterised by its lithologic features although it may be diachronous.
193,AllocthonousMaterial/OriginalStratigraphy/StratigraphicAttributions/LithostratigraphicAttributions/LithostratigraphicAttribution/Member,Member,AllocthonousMaterial/OriginalStratigraphy/StratigraphicAttributions/LithostratigraphicAttributions/LithostratigraphicAttribution,5,AllocthonousMaterial,LithostratigraphicAttributionsType,local,xs:string,XML Schema built-in,simple,0,1,N,N,0,,A sub-division of a formation which may be local in extent or exhibits a distinctive lithology
194,AllocthonousMaterial/OriginalStratigraphy/StratigraphicAttributions/LithostratigraphicAttributions/LithostratigraphicAttribution/Bed,Bed,AllocthonousMaterial/OriginalStratigraphy/StratigraphicAttributions/LithostratigraphicAttributions/LithostratigraphicAttribution,5,AllocthonousMaterial,LithostratigraphicAttributionsType,local,xs:string,XML Schema built-in,simple,0,1,N,N,0,,The smallest division of a named stratified series normally with well defined division from adjacent deposits.
195,AllocthonousMaterial/OriginalStratigraphy/StratigraphicAttributions/LithostratigraphicAttributions/LithostratigraphicAttribution/InformalLithostratigraphicName,InformalLithostratigraphicName,AllocthonousMaterial/OriginalStratigraphy/StratigraphicAttributions/LithostratigraphicAttributions/LithostratigraphicAttribution,5,AllocthonousMaterial,LithostratigraphicAttributionsType,local,xs:string,XML Schema built-in,simple,0,1,N,N,0,,An informal lithostratigraphic name (ie. one not yet characterised as a formation or member or an old name still in general use e.g. Schaumkalk as part of the Muschelkalk or Keuper Marl as a synonym of the Mercia Mudstone Group. includes language as an attribute.
196,AllocthonousMaterial/OriginalStratigraphy/StratigraphicAttributions/LithostratigraphicAttributions/LithostratigraphicAttribution/Certainty,Certainty,AllocthonousMaterial/OriginalStratigraphy/StratigraphicAttributions/LithostratigraphicAttributions/LithostratigraphicAttribution,5,AllocthonousMaterial,LithostratigraphicAttributionsType,global (ref),xs:string,XML Schema built-in,simple,0,1,N,N,0,,"Degree of certainty associated with the date determination e.g. unknown, certain, uncertain, possibly, known wrong."
197,AllocthonousMaterial/OriginalStratigraphy/StratigraphicAttributions/LithostratigraphicAttributions/LithostratigraphicAttribution/DatingQualifier,DatingQualifier,AllocthonousMaterial/OriginalStratigraphy/StratigraphicAttributions/LithostratigraphicAttributions/LithostratigraphicAttribution,5,AllocthonousMaterial,LithostratigraphicAttributionsType,global (ref),xs:string,XML Schema built-in,simple,0,1,N,N,0,,"Allows for qualification of date terms e.g. early/lower, middle, late/upper"
198,AllocthonousMaterial/OriginalStratigraphy/StratigraphicAttributions/LithostratigraphicAttributions/LithostratigraphicAttribution/Identifiers,Identifiers,AllocthonousMaterial/OriginalStratigraphy/StratigraphicAttributions/LithostratigraphicAttributions/LithostratigraphicAttribution,5,AllocthonousMaterial,LithostratigraphicAttributionsType,local,efg:IdentifiersType,EFG named complexType,complex,0,1,N,N,0,,
199,AllocthonousMaterial/OriginalStratigraphy/StratigraphicAttributions/LithostratigraphicAttributions/LithostratigraphicAttribution/Identifiers/Person,Person,AllocthonousMaterial/OriginalStratigraphy/StratigraphicAttributions/LithostratigraphicAttributions/LithostratigraphicAttribution/Identifiers,6,AllocthonousMaterial,IdentifiersType,local,abcd:PersonName,ABCD 2.06 (external),complex (ABCD),0,unbounded,N,Y,0,,Person type from the abcd schema
200,AllocthonousMaterial/OriginalStratigraphy/StratigraphicAttributions/LithostratigraphicAttributions/LithostratigraphicAttribution/Identifiers/Organisation,Organisation,AllocthonousMaterial/OriginalStratigraphy/StratigraphicAttributions/LithostratigraphicAttributions/LithostratigraphicAttribution/Identifiers,6,AllocthonousMaterial,IdentifiersType,local,abcd:Organisation,ABCD 2.06 (external),complex (ABCD),0,unbounded,N,Y,0,,Organisation type from the abcd schema
201,AllocthonousMaterial/OriginalStratigraphy/StratigraphicAttributions/LithostratigraphicAttributions/LithostratigraphicAttribution/StratigraphicMeasurementsOrFacts,StratigraphicMeasurementsOrFacts,AllocthonousMaterial/OriginalStratigraphy/StratigraphicAttributions/LithostratigraphicAttributions/LithostratigraphicAttribution,5,AllocthonousMaterial,LithostratigraphicAttributionsType,global (ref),(anonymous complexType),EFG inline,complex,0,1,N,N,0,,"Container element for multiple measurements (e.g. thickness, dip etc.) or facts (e.g. this bed was first identified by Charles Moore as the Reptile and Fish Bed from which he obtained Nothosaurus). This element contains the standard schema complex type MeasurementOrFact."
202,AllocthonousMaterial/OriginalStratigraphy/StratigraphicAttributions/LithostratigraphicAttributions/LithostratigraphicAttribution/StratigraphicMeasurementsOrFacts/StratigraphicMeasurementOrFact,StratigraphicMeasurementOrFact,AllocthonousMaterial/OriginalStratigraphy/StratigraphicAttributions/LithostratigraphicAttributions/LithostratigraphicAttribution/StratigraphicMeasurementsOrFacts,6,AllocthonousMaterial,LithostratigraphicAttributionsType,local,abcd:MeasurementOrFact,ABCD 2.06 (external),complex (ABCD),1,unbounded,Y,Y,0,,Container for single instance of complex type MeasurementOrFact
203,AllocthonousMaterial/OriginalStratigraphy/StratigraphicAttributions/BiostratigraphicAttributions,BiostratigraphicAttributions,AllocthonousMaterial/OriginalStratigraphy/StratigraphicAttributions,3,AllocthonousMaterial,StratigraphicAttributionsType,local,efg:BiostratigraphicAttributionsType,EFG named complexType,complex,0,1,N,N,0,,Container for optional multiple references to fossil zones e.g. where a range of zones and subzones might be represented.
204,AllocthonousMaterial/OriginalStratigraphy/StratigraphicAttributions/BiostratigraphicAttributions/BiostratigraphicAttribution,BiostratigraphicAttribution,AllocthonousMaterial/OriginalStratigraphy/StratigraphicAttributions/BiostratigraphicAttributions,4,AllocthonousMaterial,BiostratigraphicAttributionsType,local,(anonymous complexType),EFG inline,complex,1,unbounded,Y,Y,0,,A single declaration of a fossil zone or subzone.
205,AllocthonousMaterial/OriginalStratigraphy/StratigraphicAttributions/BiostratigraphicAttributions/BiostratigraphicAttribution/ZonalFossilType,ZonalFossilType,AllocthonousMaterial/OriginalStratigraphy/StratigraphicAttributions/BiostratigraphicAttributions/BiostratigraphicAttribution,5,AllocthonousMaterial,BiostratigraphicAttributionsType,local,xs:string,XML Schema built-in,simple,1,1,Y,N,0,,"What sort of biozone is being recorded? e.g. what animal or plant group is it based on? (ammonite, brachiopod,coral, plant, foram, nanoplankton etc.)"
206,AllocthonousMaterial/OriginalStratigraphy/StratigraphicAttributions/BiostratigraphicAttributions/BiostratigraphicAttribution/FossilZoneName,FossilZoneName,AllocthonousMaterial/OriginalStratigraphy/StratigraphicAttributions/BiostratigraphicAttributions/BiostratigraphicAttribution,5,AllocthonousMaterial,BiostratigraphicAttributionsType,local,xs:string,XML Schema built-in,simple,1,1,Y,N,0,,The actual name of the biozone. Ideally this should be in its expanded form although common usage tends to abbreviate the generic epithet.
207,AllocthonousMaterial/OriginalStratigraphy/StratigraphicAttributions/BiostratigraphicAttributions/BiostratigraphicAttribution/FossilSubzoneName,FossilSubzoneName,AllocthonousMaterial/OriginalStratigraphy/StratigraphicAttributions/BiostratigraphicAttributions/BiostratigraphicAttribution,5,AllocthonousMaterial,BiostratigraphicAttributionsType,local,xs:string,XML Schema built-in,simple,0,1,N,N,0,,"The subzone name, if any, this should ideally be in expanded form rather than abbreviated."
208,AllocthonousMaterial/OriginalStratigraphy/StratigraphicAttributions/BiostratigraphicAttributions/BiostratigraphicAttribution/Certainty,Certainty,AllocthonousMaterial/OriginalStratigraphy/StratigraphicAttributions/BiostratigraphicAttributions/BiostratigraphicAttribution,5,AllocthonousMaterial,BiostratigraphicAttributionsType,global (ref),xs:string,XML Schema built-in,simple,0,1,N,N,0,,"Degree of certainty associated with the date determination e.g. unknown, certain, uncertain, possibly, known wrong."
209,AllocthonousMaterial/OriginalStratigraphy/StratigraphicAttributions/BiostratigraphicAttributions/BiostratigraphicAttribution/RangePosition,RangePosition,AllocthonousMaterial/OriginalStratigraphy/StratigraphicAttributions/BiostratigraphicAttributions/BiostratigraphicAttribution,5,AllocthonousMaterial,BiostratigraphicAttributionsType,local,xs:string,XML Schema built-in,simple,0,1,N,N,0,,"Range position if this attribution is the earliest, midway or latest in a possible range. e.g. It is not always clear what zone a particular taxon belongs to and therefore a range may be needed."
210,AllocthonousMaterial/OriginalStratigraphy/StratigraphicAttributions/BiostratigraphicAttributions/BiostratigraphicAttribution/DatingQualifier,DatingQualifier,AllocthonousMaterial/OriginalStratigraphy/StratigraphicAttributions/BiostratigraphicAttributions/BiostratigraphicAttribution,5,AllocthonousMaterial,BiostratigraphicAttributionsType,global (ref),xs:string,XML Schema built-in,simple,0,1,N,N,0,,"Allows for qualification of date terms e.g. early/lower, middle, late/upper"
211,AllocthonousMaterial/OriginalStratigraphy/StratigraphicAttributions/BiostratigraphicAttributions/BiostratigraphicAttribution/Identifiers,Identifiers,AllocthonousMaterial/OriginalStratigraphy/StratigraphicAttributions/BiostratigraphicAttributions/BiostratigraphicAttribution,5,AllocthonousMaterial,BiostratigraphicAttributionsType,local,efg:IdentifiersType,EFG named complexType,complex,0,unbounded,N,Y,0,,
212,AllocthonousMaterial/OriginalStratigraphy/StratigraphicAttributions/BiostratigraphicAttributions/BiostratigraphicAttribution/Identifiers/Person,Person,AllocthonousMaterial/OriginalStratigraphy/StratigraphicAttributions/BiostratigraphicAttributions/BiostratigraphicAttribution/Identifiers,6,AllocthonousMaterial,IdentifiersType,local,abcd:PersonName,ABCD 2.06 (external),complex (ABCD),0,unbounded,N,Y,0,,Person type from the abcd schema
213,AllocthonousMaterial/OriginalStratigraphy/StratigraphicAttributions/BiostratigraphicAttributions/BiostratigraphicAttribution/Identifiers/Organisation,Organisation,AllocthonousMaterial/OriginalStratigraphy/StratigraphicAttributions/BiostratigraphicAttributions/BiostratigraphicAttribution/Identifiers,6,AllocthonousMaterial,IdentifiersType,local,abcd:Organisation,ABCD 2.06 (external),complex (ABCD),0,unbounded,N,Y,0,,Organisation type from the abcd schema
214,AllocthonousMaterial/OriginalStratigraphy/StratigraphicAttributions/BiostratigraphicAttributions/BiostratigraphicAttribution/StratigraphicMeasurementsOrFacts,StratigraphicMeasurementsOrFacts,AllocthonousMaterial/OriginalStratigraphy/StratigraphicAttributions/BiostratigraphicAttributions/BiostratigraphicAttribution,5,AllocthonousMaterial,BiostratigraphicAttributionsType,global (ref),(anonymous complexType),EFG inline,complex,0,1,N,N,0,,"Container element for multiple measurements (e.g. thickness, dip etc.) or facts (e.g. this bed was first identified by Charles Moore as the Reptile and Fish Bed from which he obtained Nothosaurus). This element contains the standard schema complex type MeasurementOrFact."
215,AllocthonousMaterial/OriginalStratigraphy/StratigraphicAttributions/BiostratigraphicAttributions/BiostratigraphicAttribution/StratigraphicMeasurementsOrFacts/StratigraphicMeasurementOrFact,StratigraphicMeasurementOrFact,AllocthonousMaterial/OriginalStratigraphy/StratigraphicAttributions/BiostratigraphicAttributions/BiostratigraphicAttribution/StratigraphicMeasurementsOrFacts,6,AllocthonousMaterial,BiostratigraphicAttributionsType,local,abcd:MeasurementOrFact,ABCD 2.06 (external),complex (ABCD),1,unbounded,Y,Y,0,,Container for single instance of complex type MeasurementOrFact
216,AllocthonousMaterial/OriginalStratigraphy/StratigraphicAttributions/MagnetostratigraphicDeterminations,MagnetostratigraphicDeterminations,AllocthonousMaterial/OriginalStratigraphy/StratigraphicAttributions,3,AllocthonousMaterial,StratigraphicAttributionsType,local,efg:MagnetostratigraphicDeterminationsType,EFG named complexType,complex,0,1,N,N,0,,"Container for details of any magnetostratigraphic evidence cited to support the dating of rocks. Magnetostratigraphy uses a range of readings over a sequence of rocks to provide a pattern that is correlated with known dated sequences. It includes its own series of divisions including superchrons, chrons and subchrons."
217,AllocthonousMaterial/OriginalStratigraphy/StratigraphicAttributions/MagnetostratigraphicDeterminations/MagnetostratigraphicDetermination,MagnetostratigraphicDetermination,AllocthonousMaterial/OriginalStratigraphy/StratigraphicAttributions/MagnetostratigraphicDeterminations,4,AllocthonousMaterial,MagnetostratigraphicDeterminationsType,local,(anonymous complexType),EFG inline,complex,1,unbounded,Y,Y,0,,Single record of magnetostratigraphic dating
218,AllocthonousMaterial/OriginalStratigraphy/StratigraphicAttributions/MagnetostratigraphicDeterminations/MagnetostratigraphicDetermination/PolaritySuperchron,PolaritySuperchron,AllocthonousMaterial/OriginalStratigraphy/StratigraphicAttributions/MagnetostratigraphicDeterminations/MagnetostratigraphicDetermination,5,AllocthonousMaterial,MagnetostratigraphicDeterminationsType,local,xs:string,XML Schema built-in,simple,0,1,N,N,0,,largest division of magnetostratigraphic terms
219,AllocthonousMaterial/OriginalStratigraphy/StratigraphicAttributions/MagnetostratigraphicDeterminations/MagnetostratigraphicDetermination/PolarityChron,PolarityChron,AllocthonousMaterial/OriginalStratigraphy/StratigraphicAttributions/MagnetostratigraphicDeterminations/MagnetostratigraphicDetermination,5,AllocthonousMaterial,MagnetostratigraphicDeterminationsType,local,xs:string,XML Schema built-in,simple,0,1,N,N,0,,Reference to numerical scheme for labelling time divisions based on magnetic anomalies and reversals
220,AllocthonousMaterial/OriginalStratigraphy/StratigraphicAttributions/MagnetostratigraphicDeterminations/MagnetostratigraphicDetermination/PolaritySubchron,PolaritySubchron,AllocthonousMaterial/OriginalStratigraphy/StratigraphicAttributions/MagnetostratigraphicDeterminations/MagnetostratigraphicDetermination,5,AllocthonousMaterial,MagnetostratigraphicDeterminationsType,local,xs:string,XML Schema built-in,simple,0,1,N,N,0,,Any named subdivision of a Polarity Chron
221,AllocthonousMaterial/OriginalStratigraphy/StratigraphicAttributions/MagnetostratigraphicDeterminations/MagnetostratigraphicDetermination/MagnetostratigraphicDetail,MagnetostratigraphicDetail,AllocthonousMaterial/OriginalStratigraphy/StratigraphicAttributions/MagnetostratigraphicDeterminations/MagnetostratigraphicDetermination,5,AllocthonousMaterial,MagnetostratigraphicDeterminationsType,local,xs:string,XML Schema built-in,simple,0,1,N,N,0,,Free text describing the use of magnetostratigraphic correlation.
222,AllocthonousMaterial/OriginalStratigraphy/StratigraphicAttributions/MagnetostratigraphicDeterminations/MagnetostratigraphicDetermination/AnalysisDateTime,AnalysisDateTime,AllocthonousMaterial/OriginalStratigraphy/StratigraphicAttributions/MagnetostratigraphicDeterminations/MagnetostratigraphicDetermination,5,AllocthonousMaterial,MagnetostratigraphicDeterminationsType,global (ref),(anonymous complexType),EFG inline,complex,0,1,N,N,0,,When the analysis was carried out
223,AllocthonousMaterial/OriginalStratigraphy/StratigraphicAttributions/MagnetostratigraphicDeterminations/MagnetostratigraphicDetermination/AnalysisDateTime/ExactDate,ExactDate,AllocthonousMaterial/OriginalStratigraphy/StratigraphicAttributions/MagnetostratigraphicDeterminations/MagnetostratigraphicDetermination/AnalysisDateTime,6,AllocthonousMaterial,MagnetostratigraphicDeterminationsType,local,abcd:DateTime,ABCD 2.06 (external),complex (ABCD),0,1,N,N,0,,Uses DateTime element from ABCD
224,AllocthonousMaterial/OriginalStratigraphy/StratigraphicAttributions/MagnetostratigraphicDeterminations/MagnetostratigraphicDetermination/AnalysisDateTime/DateText,DateText,AllocthonousMaterial/OriginalStratigraphy/StratigraphicAttributions/MagnetostratigraphicDeterminations/MagnetostratigraphicDetermination/AnalysisDateTime,6,AllocthonousMaterial,MagnetostratigraphicDeterminationsType,local,xs:string,XML Schema built-in,simple,0,1,N,N,0,,Free text to allow for vague dates or description of analysis period.
225,AllocthonousMaterial/OriginalStratigraphy/StratigraphicAttributions/MagnetostratigraphicDeterminations/MagnetostratigraphicDetermination/Certainty,Certainty,AllocthonousMaterial/OriginalStratigraphy/StratigraphicAttributions/MagnetostratigraphicDeterminations/MagnetostratigraphicDetermination,5,AllocthonousMaterial,MagnetostratigraphicDeterminationsType,global (ref),xs:string,XML Schema built-in,simple,0,1,N,N,0,,"Degree of certainty associated with the date determination e.g. unknown, certain, uncertain, possibly, known wrong."
226,AllocthonousMaterial/OriginalStratigraphy/StratigraphicAttributions/MagnetostratigraphicDeterminations/MagnetostratigraphicDetermination/DatingQualifier,DatingQualifier,AllocthonousMaterial/OriginalStratigraphy/StratigraphicAttributions/MagnetostratigraphicDeterminations/MagnetostratigraphicDetermination,5,AllocthonousMaterial,MagnetostratigraphicDeterminationsType,global (ref),xs:string,XML Schema built-in,simple,0,1,N,N,0,,"Allows for qualification of date terms e.g. early/lower, middle, late/upper"
227,AllocthonousMaterial/OriginalStratigraphy/StratigraphicAttributions/MagnetostratigraphicDeterminations/MagnetostratigraphicDetermination/Identifiers,Identifiers,AllocthonousMaterial/OriginalStratigraphy/StratigraphicAttributions/MagnetostratigraphicDeterminations/MagnetostratigraphicDetermination,5,AllocthonousMaterial,MagnetostratigraphicDeterminationsType,local,efg:IdentifiersType,EFG named complexType,complex,0,1,N,N,0,,
228,AllocthonousMaterial/OriginalStratigraphy/StratigraphicAttributions/MagnetostratigraphicDeterminations/MagnetostratigraphicDetermination/Identifiers/Person,Person,AllocthonousMaterial/OriginalStratigraphy/StratigraphicAttributions/MagnetostratigraphicDeterminations/MagnetostratigraphicDetermination/Identifiers,6,AllocthonousMaterial,IdentifiersType,local,abcd:PersonName,ABCD 2.06 (external),complex (ABCD),0,unbounded,N,Y,0,,Person type from the abcd schema
229,AllocthonousMaterial/OriginalStratigraphy/StratigraphicAttributions/MagnetostratigraphicDeterminations/MagnetostratigraphicDetermination/Identifiers/Organisation,Organisation,AllocthonousMaterial/OriginalStratigraphy/StratigraphicAttributions/MagnetostratigraphicDeterminations/MagnetostratigraphicDetermination/Identifiers,6,AllocthonousMaterial,IdentifiersType,local,abcd:Organisation,ABCD 2.06 (external),complex (ABCD),0,unbounded,N,Y,0,,Organisation type from the abcd schema
230,AllocthonousMaterial/OriginalStratigraphy/StratigraphicAttributions/MagnetostratigraphicDeterminations/MagnetostratigraphicDetermination/AnalysisReferences,AnalysisReferences,AllocthonousMaterial/OriginalStratigraphy/StratigraphicAttributions/MagnetostratigraphicDeterminations/MagnetostratigraphicDetermination,5,AllocthonousMaterial,MagnetostratigraphicDeterminationsType,global (ref),(anonymous complexType),EFG inline,complex,0,unbounded,N,Y,0,,Container for 1 or more references related to the analysis
231,AllocthonousMaterial/OriginalStratigraphy/StratigraphicAttributions/MagnetostratigraphicDeterminations/MagnetostratigraphicDetermination/AnalysisReferences/AnalysisReference,AnalysisReference,AllocthonousMaterial/OriginalStratigraphy/StratigraphicAttributions/MagnetostratigraphicDeterminations/MagnetostratigraphicDetermination/AnalysisReferences,6,AllocthonousMaterial,MagnetostratigraphicDeterminationsType,local,abcd:Reference,ABCD 2.06 (external),complex (ABCD),1,unbounded,Y,Y,0,,Individual documentary reference linked to an analysis. Uses abcd:Reference Type
232,AllocthonousMaterial/OriginalStratigraphy/StratigraphicAttributions/IsotopeStratigraphicDeterminations,IsotopeStratigraphicDeterminations,AllocthonousMaterial/OriginalStratigraphy/StratigraphicAttributions,3,AllocthonousMaterial,StratigraphicAttributionsType,local,efg:IsotopeStratigraphicDeterminationsType,EFG named complexType,complex,0,1,N,N,0,,Container for detail referring to any isotope concentration study. Isotope stratigraphy uses a range of readings over a sequence of rocks to create profiles that are correlated with dated sequences.
233,AllocthonousMaterial/OriginalStratigraphy/StratigraphicAttributions/IsotopeStratigraphicDeterminations/IsotopeStratigraphicDetermination,IsotopeStratigraphicDetermination,AllocthonousMaterial/OriginalStratigraphy/StratigraphicAttributions/IsotopeStratigraphicDeterminations,4,AllocthonousMaterial,IsotopeStratigraphicDeterminationsType,local,(anonymous complexType),EFG inline,complex,1,unbounded,Y,Y,0,,Single record of an isotope stratigraphic determination
234,AllocthonousMaterial/OriginalStratigraphy/StratigraphicAttributions/IsotopeStratigraphicDeterminations/IsotopeStratigraphicDetermination/IsotopesMeasured,IsotopesMeasured,AllocthonousMaterial/OriginalStratigraphy/StratigraphicAttributions/IsotopeStratigraphicDeterminations/IsotopeStratigraphicDetermination,5,AllocthonousMaterial,IsotopeStratigraphicDeterminationsType,local,xs:string,XML Schema built-in,simple,1,1,Y,N,0,,"What isotopes were used for this correlation e.g. Oxygen, Strontium, Carbon or more specific (O18/O16)"
235,AllocthonousMaterial/OriginalStratigraphy/StratigraphicAttributions/IsotopeStratigraphicDeterminations/IsotopeStratigraphicDetermination/IsotopeStratigraphicDetail,IsotopeStratigraphicDetail,AllocthonousMaterial/OriginalStratigraphy/StratigraphicAttributions/IsotopeStratigraphicDeterminations/IsotopeStratigraphicDetermination,5,AllocthonousMaterial,IsotopeStratigraphicDeterminationsType,local,xs:string,XML Schema built-in,simple,1,1,Y,N,0,,Free text describing the isotope correlation result.
236,AllocthonousMaterial/OriginalStratigraphy/StratigraphicAttributions/IsotopeStratigraphicDeterminations/IsotopeStratigraphicDetermination/AnalysisDateTime,AnalysisDateTime,AllocthonousMaterial/OriginalStratigraphy/StratigraphicAttributions/IsotopeStratigraphicDeterminations/IsotopeStratigraphicDetermination,5,AllocthonousMaterial,IsotopeStratigraphicDeterminationsType,global (ref),(anonymous complexType),EFG inline,complex,0,1,N,N,0,,When the analysis was carried out
237,AllocthonousMaterial/OriginalStratigraphy/StratigraphicAttributions/IsotopeStratigraphicDeterminations/IsotopeStratigraphicDetermination/AnalysisDateTime/ExactDate,ExactDate,AllocthonousMaterial/OriginalStratigraphy/StratigraphicAttributions/IsotopeStratigraphicDeterminations/IsotopeStratigraphicDetermination/AnalysisDateTime,6,AllocthonousMaterial,IsotopeStratigraphicDeterminationsType,local,abcd:DateTime,ABCD 2.06 (external),complex (ABCD),0,1,N,N,0,,Uses DateTime element from ABCD
238,AllocthonousMaterial/OriginalStratigraphy/StratigraphicAttributions/IsotopeStratigraphicDeterminations/IsotopeStratigraphicDetermination/AnalysisDateTime/DateText,DateText,AllocthonousMaterial/OriginalStratigraphy/StratigraphicAttributions/IsotopeStratigraphicDeterminations/IsotopeStratigraphicDetermination/AnalysisDateTime,6,AllocthonousMaterial,IsotopeStratigraphicDeterminationsType,local,xs:string,XML Schema built-in,simple,0,1,N,N,0,,Free text to allow for vague dates or description of analysis period.
239,AllocthonousMaterial/OriginalStratigraphy/StratigraphicAttributions/IsotopeStratigraphicDeterminations/IsotopeStratigraphicDetermination/Certainty,Certainty,AllocthonousMaterial/OriginalStratigraphy/StratigraphicAttributions/IsotopeStratigraphicDeterminations/IsotopeStratigraphicDetermination,5,AllocthonousMaterial,IsotopeStratigraphicDeterminationsType,global (ref),xs:string,XML Schema built-in,simple,0,1,N,N,0,,"Degree of certainty associated with the date determination e.g. unknown, certain, uncertain, possibly, known wrong."
240,AllocthonousMaterial/OriginalStratigraphy/StratigraphicAttributions/IsotopeStratigraphicDeterminations/IsotopeStratigraphicDetermination/DatingQualifier,DatingQualifier,AllocthonousMaterial/OriginalStratigraphy/StratigraphicAttributions/IsotopeStratigraphicDeterminations/IsotopeStratigraphicDetermination,5,AllocthonousMaterial,IsotopeStratigraphicDeterminationsType,global (ref),xs:string,XML Schema built-in,simple,0,1,N,N,0,,"Allows for qualification of date terms e.g. early/lower, middle, late/upper"
241,AllocthonousMaterial/OriginalStratigraphy/StratigraphicAttributions/IsotopeStratigraphicDeterminations/IsotopeStratigraphicDetermination/Identifiers,Identifiers,AllocthonousMaterial/OriginalStratigraphy/StratigraphicAttributions/IsotopeStratigraphicDeterminations/IsotopeStratigraphicDetermination,5,AllocthonousMaterial,IsotopeStratigraphicDeterminationsType,local,efg:IdentifiersType,EFG named complexType,complex,0,1,N,N,0,,
242,AllocthonousMaterial/OriginalStratigraphy/StratigraphicAttributions/IsotopeStratigraphicDeterminations/IsotopeStratigraphicDetermination/Identifiers/Person,Person,AllocthonousMaterial/OriginalStratigraphy/StratigraphicAttributions/IsotopeStratigraphicDeterminations/IsotopeStratigraphicDetermination/Identifiers,6,AllocthonousMaterial,IdentifiersType,local,abcd:PersonName,ABCD 2.06 (external),complex (ABCD),0,unbounded,N,Y,0,,Person type from the abcd schema
243,AllocthonousMaterial/OriginalStratigraphy/StratigraphicAttributions/IsotopeStratigraphicDeterminations/IsotopeStratigraphicDetermination/Identifiers/Organisation,Organisation,AllocthonousMaterial/OriginalStratigraphy/StratigraphicAttributions/IsotopeStratigraphicDeterminations/IsotopeStratigraphicDetermination/Identifiers,6,AllocthonousMaterial,IdentifiersType,local,abcd:Organisation,ABCD 2.06 (external),complex (ABCD),0,unbounded,N,Y,0,,Organisation type from the abcd schema
244,AllocthonousMaterial/OriginalStratigraphy/StratigraphicAttributions/IsotopeStratigraphicDeterminations/IsotopeStratigraphicDetermination/AnalysisReferences,AnalysisReferences,AllocthonousMaterial/OriginalStratigraphy/StratigraphicAttributions/IsotopeStratigraphicDeterminations/IsotopeStratigraphicDetermination,5,AllocthonousMaterial,IsotopeStratigraphicDeterminationsType,global (ref),(anonymous complexType),EFG inline,complex,0,1,N,N,0,,Container for 1 or more references related to the analysis
245,AllocthonousMaterial/OriginalStratigraphy/StratigraphicAttributions/IsotopeStratigraphicDeterminations/IsotopeStratigraphicDetermination/AnalysisReferences/AnalysisReference,AnalysisReference,AllocthonousMaterial/OriginalStratigraphy/StratigraphicAttributions/IsotopeStratigraphicDeterminations/IsotopeStratigraphicDetermination/AnalysisReferences,6,AllocthonousMaterial,IsotopeStratigraphicDeterminationsType,local,abcd:Reference,ABCD 2.06 (external),complex (ABCD),1,unbounded,Y,Y,0,,Individual documentary reference linked to an analysis. Uses abcd:Reference Type
246,AllocthonousMaterial/OriginalStratigraphy/StratigraphicAttributions/RadiometricDates,RadiometricDates,AllocthonousMaterial/OriginalStratigraphy/StratigraphicAttributions,3,AllocthonousMaterial,StratigraphicAttributionsType,local,efg:RadiometricDatesType,EFG named complexType,complex,0,1,N,N,0,,Container for absolute dates obtained from radiometric analysis.
247,AllocthonousMaterial/OriginalStratigraphy/StratigraphicAttributions/RadiometricDates/RadiometricDate,RadiometricDate,AllocthonousMaterial/OriginalStratigraphy/StratigraphicAttributions/RadiometricDates,4,AllocthonousMaterial,RadiometricDatesType,local,(anonymous complexType),EFG inline,complex,1,unbounded,Y,Y,0,,Container for a single radiometric date analysis
248,AllocthonousMaterial/OriginalStratigraphy/StratigraphicAttributions/RadiometricDates/RadiometricDate/RadiometricDatingMethod,RadiometricDatingMethod,AllocthonousMaterial/OriginalStratigraphy/StratigraphicAttributions/RadiometricDates/RadiometricDate,5,AllocthonousMaterial,RadiometricDatesType,local,xs:string,XML Schema built-in,simple,1,1,Y,N,0,,"Method, analysis technique used to determine date e.g. radiocarbon, Potassium-Argon etc."
249,AllocthonousMaterial/OriginalStratigraphy/StratigraphicAttributions/RadiometricDates/RadiometricDate/MaterialDated,MaterialDated,AllocthonousMaterial/OriginalStratigraphy/StratigraphicAttributions/RadiometricDates/RadiometricDate,5,AllocthonousMaterial,RadiometricDatesType,local,xs:string,XML Schema built-in,simple,0,1,N,N,0,,"What was actually dated? e.g. Glauconite grains in a sandstone, wood from peat-core etc."
250,AllocthonousMaterial/OriginalStratigraphy/StratigraphicAttributions/RadiometricDates/RadiometricDate/EarliestDate,EarliestDate,AllocthonousMaterial/OriginalStratigraphy/StratigraphicAttributions/RadiometricDates/RadiometricDate,5,AllocthonousMaterial,RadiometricDatesType,local,xs:string,XML Schema built-in,simple,1,1,Y,N,0,,The earliest date in a date range suggested by the analysis or the single date if only one is given
251,AllocthonousMaterial/OriginalStratigraphy/StratigraphicAttributions/RadiometricDates/RadiometricDate/LatestDate,LatestDate,AllocthonousMaterial/OriginalStratigraphy/StratigraphicAttributions/RadiometricDates/RadiometricDate,5,AllocthonousMaterial,RadiometricDatesType,local,xs:string,XML Schema built-in,simple,0,1,N,N,0,,The latest date where a range of values is given
252,AllocthonousMaterial/OriginalStratigraphy/StratigraphicAttributions/RadiometricDates/RadiometricDate/TimeUnit,TimeUnit,AllocthonousMaterial/OriginalStratigraphy/StratigraphicAttributions/RadiometricDates/RadiometricDate,5,AllocthonousMaterial,RadiometricDatesType,local,xs:string,XML Schema built-in,simple,1,1,Y,N,0,,The time units being measured or how the numbers are expressed e.g. millions of years B.P. or thousands of years B.C.
253,AllocthonousMaterial/OriginalStratigraphy/StratigraphicAttributions/RadiometricDates/RadiometricDate/DatingAccuracy,DatingAccuracy,AllocthonousMaterial/OriginalStratigraphy/StratigraphicAttributions/RadiometricDates/RadiometricDate,5,AllocthonousMaterial,RadiometricDatesType,local,xs:string,XML Schema built-in,simple,0,1,N,N,0,,The degree of certainty or likely accuracy of the dating analysis e.g. +/- 1 m.y.
254,AllocthonousMaterial/OriginalStratigraphy/StratigraphicAttributions/RadiometricDates/RadiometricDate/DatingComment,DatingComment,AllocthonousMaterial/OriginalStratigraphy/StratigraphicAttributions/RadiometricDates/RadiometricDate,5,AllocthonousMaterial,RadiometricDatesType,local,xs:string,XML Schema built-in,simple,0,1,N,N,0,,Free text description of the anlysis or its result.
255,AllocthonousMaterial/OriginalStratigraphy/StratigraphicAttributions/RadiometricDates/RadiometricDate/AnalysisDateTime,AnalysisDateTime,AllocthonousMaterial/OriginalStratigraphy/StratigraphicAttributions/RadiometricDates/RadiometricDate,5,AllocthonousMaterial,RadiometricDatesType,global (ref),(anonymous complexType),EFG inline,complex,0,1,N,N,0,,When the analysis was carried out
256,AllocthonousMaterial/OriginalStratigraphy/StratigraphicAttributions/RadiometricDates/RadiometricDate/AnalysisDateTime/ExactDate,ExactDate,AllocthonousMaterial/OriginalStratigraphy/StratigraphicAttributions/RadiometricDates/RadiometricDate/AnalysisDateTime,6,AllocthonousMaterial,RadiometricDatesType,local,abcd:DateTime,ABCD 2.06 (external),complex (ABCD),0,1,N,N,0,,Uses DateTime element from ABCD
257,AllocthonousMaterial/OriginalStratigraphy/StratigraphicAttributions/RadiometricDates/RadiometricDate/AnalysisDateTime/DateText,DateText,AllocthonousMaterial/OriginalStratigraphy/StratigraphicAttributions/RadiometricDates/RadiometricDate/AnalysisDateTime,6,AllocthonousMaterial,RadiometricDatesType,local,xs:string,XML Schema built-in,simple,0,1,N,N,0,,Free text to allow for vague dates or description of analysis period.
258,AllocthonousMaterial/OriginalStratigraphy/StratigraphicAttributions/RadiometricDates/RadiometricDate/Identifiers,Identifiers,AllocthonousMaterial/OriginalStratigraphy/StratigraphicAttributions/RadiometricDates/RadiometricDate,5,AllocthonousMaterial,RadiometricDatesType,local,efg:IdentifiersType,EFG named complexType,complex,0,1,N,N,0,,
259,AllocthonousMaterial/OriginalStratigraphy/StratigraphicAttributions/RadiometricDates/RadiometricDate/Identifiers/Person,Person,AllocthonousMaterial/OriginalStratigraphy/StratigraphicAttributions/RadiometricDates/RadiometricDate/Identifiers,6,AllocthonousMaterial,IdentifiersType,local,abcd:PersonName,ABCD 2.06 (external),complex (ABCD),0,unbounded,N,Y,0,,Person type from the abcd schema
260,AllocthonousMaterial/OriginalStratigraphy/StratigraphicAttributions/RadiometricDates/RadiometricDate/Identifiers/Organisation,Organisation,AllocthonousMaterial/OriginalStratigraphy/StratigraphicAttributions/RadiometricDates/RadiometricDate/Identifiers,6,AllocthonousMaterial,IdentifiersType,local,abcd:Organisation,ABCD 2.06 (external),complex (ABCD),0,unbounded,N,Y,0,,Organisation type from the abcd schema
261,AllocthonousMaterial/OriginalStratigraphy/StratigraphicAttributions/RadiometricDates/RadiometricDate/AnalysisReferences,AnalysisReferences,AllocthonousMaterial/OriginalStratigraphy/StratigraphicAttributions/RadiometricDates/RadiometricDate,5,AllocthonousMaterial,RadiometricDatesType,global (ref),(anonymous complexType),EFG inline,complex,0,1,N,N,0,,Container for 1 or more references related to the analysis
262,AllocthonousMaterial/OriginalStratigraphy/StratigraphicAttributions/RadiometricDates/RadiometricDate/AnalysisReferences/AnalysisReference,AnalysisReference,AllocthonousMaterial/OriginalStratigraphy/StratigraphicAttributions/RadiometricDates/RadiometricDate/AnalysisReferences,6,AllocthonousMaterial,RadiometricDatesType,local,abcd:Reference,ABCD 2.06 (external),complex (ABCD),1,unbounded,Y,Y,0,,Individual documentary reference linked to an analysis. Uses abcd:Reference Type
263,AllocthonousMaterial/OriginalStratigraphy/StratigraphicAttributions/PositionInSequence,PositionInSequence,AllocthonousMaterial/OriginalStratigraphy/StratigraphicAttributions,3,AllocthonousMaterial,StratigraphicAttributionsType,local,xs:string,XML Schema built-in,simple,0,1,N,N,0,,The position this stratigraphic 'unit' has in the sequence for the site. e.g. a bed number
264,AllocthonousMaterial/OriginalStratigraphy/StratigraphicReferences,StratigraphicReferences,AllocthonousMaterial/OriginalStratigraphy,2,AllocthonousMaterial,AllocthonousMaterialType,local,(anonymous complexType),EFG inline,complex,0,1,N,N,0,,Container for any documentary references relating to the stratigraphy
265,AllocthonousMaterial/OriginalStratigraphy/StratigraphicReferences/StratigraphicReference,StratigraphicReference,AllocthonousMaterial/OriginalStratigraphy/StratigraphicReferences,3,AllocthonousMaterial,AllocthonousMaterialType,local,abcd:Reference,ABCD 2.06 (external),complex (ABCD),1,unbounded,Y,Y,0,,Details of individual documentary references to the straigraphy
266,UnitHostRock,UnitHostRock,,0,UnitHostRock,(schema),global,efg:UnitHostRockType,EFG named complexType,complex,1,1,Y,N,0,,
267,UnitHostRock/LithologyHostRock,LithologyHostRock,UnitHostRock,1,UnitHostRock,UnitHostRockType,local,efg:MineralRockIdentifiedType,EFG named complexType,complex,0,unbounded,N,Y,0,,"The type of rock representing the host rock e.g. sandstone, mudstone, limestone etc"
268,UnitHostRock/LithologyHostRock/MineralRockGroup,MineralRockGroup,UnitHostRock/LithologyHostRock,2,UnitHostRock,MineralRockIdentifiedType,local,(anonymous complexType),EFG inline,complex,0,unbounded,N,Y,0,,"Equivalent to higher taxon for plants and animals. Container for multiple higher groupings for minerals (e.g. silicates, inosilicates) and rocks (e.g. sedimentary, clastic, igneous, extrusive etc.)"
269,UnitHostRock/LithologyHostRock/MineralRockGroup/MineralRockGroupName,MineralRockGroupName,UnitHostRock/LithologyHostRock/MineralRockGroup,3,UnitHostRock,MineralRockIdentifiedType,local,xs:string,XML Schema built-in,simple,1,1,Y,N,0,,A single instance of a higher 'taxon' for minerals e.g. Silicates or for rocks e.g. Pyroclstic or meteorites e.g. Carbonaceous Chondrite
270,UnitHostRock/LithologyHostRock/MineralRockGroup/MineralRockClassification,MineralRockClassification,UnitHostRock/LithologyHostRock/MineralRockGroup,3,UnitHostRock,MineralRockIdentifiedType,local,xs:string,XML Schema built-in,simple,0,1,N,N,0,,"Classification to which the group name belongs e.g. Dana, Strunz etc."
271,UnitHostRock/LithologyHostRock/ClassifiedName,ClassifiedName,UnitHostRock/LithologyHostRock,2,UnitHostRock,MineralRockIdentifiedType,local,(anonymous complexType),EFG inline,complex,0,1,N,N,0,,The formal name for the rock or mineral according to a given classification scheme
272,UnitHostRock/LithologyHostRock/ClassifiedName/FullScientificNameString,FullScientificNameString,UnitHostRock/LithologyHostRock/ClassifiedName,3,UnitHostRock,MineralRockIdentifiedType,local,xs:string,XML Schema built-in,simple,0,1,N,N,0,,Full formal name string as used in 'Taxon Identified' in main schema
273,UnitHostRock/LithologyHostRock/ClassifiedName/MineralRockNameAtomised,MineralRockNameAtomised,UnitHostRock/LithologyHostRock/ClassifiedName,3,UnitHostRock,MineralRockIdentifiedType,local,(anonymous complexType),EFG inline,complex,0,1,N,N,0,,"Container for formal name elements for rocks, minerals and meteorites"
274,UnitHostRock/LithologyHostRock/ClassifiedName/MineralRockNameAtomised/ScientificNameString,ScientificNameString,UnitHostRock/LithologyHostRock/ClassifiedName/MineralRockNameAtomised,4,UnitHostRock,MineralRockIdentifiedType,local,xs:string,XML Schema built-in,simple,1,1,Y,N,0,,"Equivalent of Scientific Name but minerals and rocks do not use binomials e.g. Quartz, Fluorite etc."
275,UnitHostRock/LithologyHostRock/ClassifiedName/MineralRockNameAtomised/AuthorTeamAndYear,AuthorTeamAndYear,UnitHostRock/LithologyHostRock/ClassifiedName/MineralRockNameAtomised,4,UnitHostRock,MineralRockIdentifiedType,local,xs:string,XML Schema built-in,simple,0,1,N,N,0,,who named the mineral or rock and when
276,UnitHostRock/LithologyHostRock/ClassifiedName/MineralRockNameAtomised/MineralRockClassification,MineralRockClassification,UnitHostRock/LithologyHostRock/ClassifiedName/MineralRockNameAtomised,4,UnitHostRock,MineralRockIdentifiedType,local,xs:string,XML Schema built-in,simple,0,1,N,N,0,,The classification from which this mineral or rockname has been taken
277,UnitHostRock/LithologyHostRock/InformalNameString,InformalNameString,UnitHostRock/LithologyHostRock,2,UnitHostRock,MineralRockIdentifiedType,local,xs:string,XML Schema built-in,simple,0,1,N,N,0,,Common name or language variant of formal mineral or rock name e.g. Fluor Spar. Includes attribute for language.
278,UnitHostRock/LithologyHostRock/VarietalNameString,VarietalNameString,UnitHostRock/LithologyHostRock,2,UnitHostRock,MineralRockIdentifiedType,local,xs:string,XML Schema built-in,simple,0,1,N,N,0,,"Name given to a variety of the mineral, usually based on its colour or form e.g. Saphire is a blue form of Corundum, Moss Agate and Carnelian are varieties of cryptocrystalline Quartz. Marston Marble is a varietal trade name for a biomicrite from Lower Jurassic. Includes attribute for language."
279,UnitHostRock/LithologyHostRock/NameAddendum,NameAddendum,UnitHostRock/LithologyHostRock,2,UnitHostRock,MineralRockIdentifiedType,local,xs:string,XML Schema built-in,simple,0,1,N,N,0,,element from TaxonIdentified complex type
280,UnitHostRock/LithologyHostRock/IdentificationQualifier,IdentificationQualifier,UnitHostRock/LithologyHostRock,2,UnitHostRock,MineralRockIdentifiedType,local,xs:string,XML Schema built-in,simple,0,1,N,N,0,,Element as used in TaxonIdentified
281,UnitHostRock/LithologyHostRock/Certainty,Certainty,UnitHostRock/LithologyHostRock,2,UnitHostRock,MineralRockIdentifiedType,global (ref),xs:string,XML Schema built-in,simple,0,1,N,N,0,,"Degree of certainty associated with the date determination e.g. unknown, certain, uncertain, possibly, known wrong."
282,UnitHostRock/LithologyHostRock/NameComments,NameComments,UnitHostRock/LithologyHostRock,2,UnitHostRock,MineralRockIdentifiedType,local,xs:anyType,unspecified,any,0,1,N,N,0,,Free text relating to the identification of the mineral or rock
283,UnitHostRock/LithificationHostRock,LithificationHostRock,UnitHostRock,1,UnitHostRock,UnitHostRockType,local,xs:string (restricted),EFG inline simpleType,simple,0,1,N,N,4,unlithified | poorly lithified | lithified | metamorphosed,"The degree of lithification of the host rock e.g. unlithified, poorly lthified, lithified etc."
284,UnitHostRock/LithologyAttributesHostRock,LithologyAttributesHostRock,UnitHostRock,1,UnitHostRock,UnitHostRockType,local,xs:string,XML Schema built-in,simple,0,1,N,N,0,,"Lithological description of host rock e.g. cross-bedded, finely laminated etc. could use an enumeration or lookup list"
285,UnitHostRock/HostRockText,HostRockText,UnitHostRock,1,UnitHostRock,UnitHostRockType,local,xs:string,XML Schema built-in,simple,0,1,N,N,0,,Free text element for general description of host rock
286,UnitHostRock/HostRockStratigraphy,HostRockStratigraphy,UnitHostRock,1,UnitHostRock,UnitHostRockType,local,efg:StratigraphicAttributionsType,EFG named complexType,complex,0,1,N,N,0,,Container for any stratigraphic determination specific to the host rock. For instance the gathering site may include a range of stratigraphic horizons whilst the unit host rock may represent just one. The unit itself might be different if it is allocthonous in origin. Minerals may be of a different age from their host rock.
287,UnitHostRock/HostRockStratigraphy/ChronostratigraphicAttributions,ChronostratigraphicAttributions,UnitHostRock/HostRockStratigraphy,2,UnitHostRock,StratigraphicAttributionsType,local,efg:ChronostratigraphicAttributionsType,EFG named complexType,complex,0,1,N,N,0,,Allows for multiple and range declarations of chronostratigraphic terms. This element combines both chronostratigraphic and geochronologic terms with preference for chronostratigraphic. (Zalasiewicz et al. 2004)
288,UnitHostRock/HostRockStratigraphy/ChronostratigraphicAttributions/ChronostratigraphicAttribution,ChronostratigraphicAttribution,UnitHostRock/HostRockStratigraphy/ChronostratigraphicAttributions,3,UnitHostRock,ChronostratigraphicAttributionsType,local,(anonymous complexType),EFG inline,complex,1,unbounded,Y,Y,0,,A single declaration of an identifed chronostratigraphic date
289,UnitHostRock/HostRockStratigraphy/ChronostratigraphicAttributions/ChronostratigraphicAttribution/ChronoStratigraphicDivision,ChronoStratigraphicDivision,UnitHostRock/HostRockStratigraphy/ChronostratigraphicAttributions/ChronostratigraphicAttribution,4,UnitHostRock,ChronostratigraphicAttributionsType,local,xs:string,XML Schema built-in,simple,1,1,Y,N,0,,"Classification level for the term e.g. eon, system, stage etc."
290,UnitHostRock/HostRockStratigraphy/ChronostratigraphicAttributions/ChronostratigraphicAttribution/ChronostratigraphicName,ChronostratigraphicName,UnitHostRock/HostRockStratigraphy/ChronostratigraphicAttributions/ChronostratigraphicAttribution,4,UnitHostRock,ChronostratigraphicAttributionsType,local,xs:string,XML Schema built-in,simple,1,1,Y,N,0,,"The formal geo/chrono chronologic name e.g. Jurassic, Kimmeridgian etc."
291,UnitHostRock/HostRockStratigraphy/ChronostratigraphicAttributions/ChronostratigraphicAttribution/DatingQualifier,DatingQualifier,UnitHostRock/HostRockStratigraphy/ChronostratigraphicAttributions/ChronostratigraphicAttribution,4,UnitHostRock,ChronostratigraphicAttributionsType,global (ref),xs:string,XML Schema built-in,simple,0,1,N,N,0,,"Allows for qualification of date terms e.g. early/lower, middle, late/upper"
292,UnitHostRock/HostRockStratigraphy/ChronostratigraphicAttributions/ChronostratigraphicAttribution/Certainty,Certainty,UnitHostRock/HostRockStratigraphy/ChronostratigraphicAttributions/ChronostratigraphicAttribution,4,UnitHostRock,ChronostratigraphicAttributionsType,global (ref),xs:string,XML Schema built-in,simple,0,1,N,N,0,,"Degree of certainty associated with the date determination e.g. unknown, certain, uncertain, possibly, known wrong."
293,UnitHostRock/HostRockStratigraphy/ChronostratigraphicAttributions/ChronostratigraphicAttribution/RangePosition,RangePosition,UnitHostRock/HostRockStratigraphy/ChronostratigraphicAttributions/ChronostratigraphicAttribution,4,UnitHostRock,ChronostratigraphicAttributionsType,local,xs:string (restricted),EFG inline simpleType,simple,0,1,N,N,0,,"text field to mark if this date is the earlest in a possible range, midway or the latest. May need to be used if there is a possibility of a range of dates."
294,UnitHostRock/HostRockStratigraphy/ChronostratigraphicAttributions/ChronostratigraphicAttribution/Identifiers,Identifiers,UnitHostRock/HostRockStratigraphy/ChronostratigraphicAttributions/ChronostratigraphicAttribution,4,UnitHostRock,ChronostratigraphicAttributionsType,local,efg:IdentifiersType,EFG named complexType,complex,0,1,N,N,0,,
295,UnitHostRock/HostRockStratigraphy/ChronostratigraphicAttributions/ChronostratigraphicAttribution/Identifiers/Person,Person,UnitHostRock/HostRockStratigraphy/ChronostratigraphicAttributions/ChronostratigraphicAttribution/Identifiers,5,UnitHostRock,IdentifiersType,local,abcd:PersonName,ABCD 2.06 (external),complex (ABCD),0,unbounded,N,Y,0,,Person type from the abcd schema
296,UnitHostRock/HostRockStratigraphy/ChronostratigraphicAttributions/ChronostratigraphicAttribution/Identifiers/Organisation,Organisation,UnitHostRock/HostRockStratigraphy/ChronostratigraphicAttributions/ChronostratigraphicAttribution/Identifiers,5,UnitHostRock,IdentifiersType,local,abcd:Organisation,ABCD 2.06 (external),complex (ABCD),0,unbounded,N,Y,0,,Organisation type from the abcd schema
297,UnitHostRock/HostRockStratigraphy/ChronostratigraphicAttributions/ChronostratigraphicAttribution/StratigraphicMeasurementsOrFacts,StratigraphicMeasurementsOrFacts,UnitHostRock/HostRockStratigraphy/ChronostratigraphicAttributions/ChronostratigraphicAttribution,4,UnitHostRock,ChronostratigraphicAttributionsType,global (ref),(anonymous complexType),EFG inline,complex,0,1,N,N,0,,"Container element for multiple measurements (e.g. thickness, dip etc.) or facts (e.g. this bed was first identified by Charles Moore as the Reptile and Fish Bed from which he obtained Nothosaurus). This element contains the standard schema complex type MeasurementOrFact."
298,UnitHostRock/HostRockStratigraphy/ChronostratigraphicAttributions/ChronostratigraphicAttribution/StratigraphicMeasurementsOrFacts/StratigraphicMeasurementOrFact,StratigraphicMeasurementOrFact,UnitHostRock/HostRockStratigraphy/ChronostratigraphicAttributions/ChronostratigraphicAttribution/StratigraphicMeasurementsOrFacts,5,UnitHostRock,ChronostratigraphicAttributionsType,local,abcd:MeasurementOrFact,ABCD 2.06 (external),complex (ABCD),1,unbounded,Y,Y,0,,Container for single instance of complex type MeasurementOrFact
299,UnitHostRock/HostRockStratigraphy/LithostratigraphicAttributions,LithostratigraphicAttributions,UnitHostRock/HostRockStratigraphy,2,UnitHostRock,StratigraphicAttributionsType,local,efg:LithostratigraphicAttributionsType,EFG named complexType,complex,0,1,N,N,0,,"Allows for multiple identifications of any named lithostratigraphic units (e.g. Penarth Group, Langport Member, Rhaetic Bone Bed)"
300,UnitHostRock/HostRockStratigraphy/LithostratigraphicAttributions/LithostratigraphicAttribution,LithostratigraphicAttribution,UnitHostRock/HostRockStratigraphy/LithostratigraphicAttributions,3,UnitHostRock,LithostratigraphicAttributionsType,local,(anonymous complexType),EFG inline,complex,1,unbounded,Y,Y,0,,An individual identification of a named lithostratigraphic unit e.g. The Hotwells Limestone Group. The higher lithostratigraphic terms are also allowed to cover the possibility of rock name homonyms and indexing in the absence of a complete dictionary of rock names.
301,UnitHostRock/HostRockStratigraphy/LithostratigraphicAttributions/LithostratigraphicAttribution/Supergroup,Supergroup,UnitHostRock/HostRockStratigraphy/LithostratigraphicAttributions/LithostratigraphicAttribution,4,UnitHostRock,LithostratigraphicAttributionsType,local,xs:string,XML Schema built-in,simple,0,1,N,N,0,,Highest level of lithostratigraphic classification
302,UnitHostRock/HostRockStratigraphy/LithostratigraphicAttributions/LithostratigraphicAttribution/Group,Group,UnitHostRock/HostRockStratigraphy/LithostratigraphicAttributions/LithostratigraphicAttribution,4,UnitHostRock,LithostratigraphicAttributionsType,local,xs:string,XML Schema built-in,simple,0,1,N,N,0,,Lithostratigraphic unit consisting of two or more formations
303,UnitHostRock/HostRockStratigraphy/LithostratigraphicAttributions/LithostratigraphicAttribution/Formation,Formation,UnitHostRock/HostRockStratigraphy/LithostratigraphicAttributions/LithostratigraphicAttribution,4,UnitHostRock,LithostratigraphicAttributionsType,local,xs:string,XML Schema built-in,simple,0,1,N,N,0,,The primary lithostratigraphic unit characterised by its lithologic features although it may be diachronous.
304,UnitHostRock/HostRockStratigraphy/LithostratigraphicAttributions/LithostratigraphicAttribution/Member,Member,UnitHostRock/HostRockStratigraphy/LithostratigraphicAttributions/LithostratigraphicAttribution,4,UnitHostRock,LithostratigraphicAttributionsType,local,xs:string,XML Schema built-in,simple,0,1,N,N,0,,A sub-division of a formation which may be local in extent or exhibits a distinctive lithology
305,UnitHostRock/HostRockStratigraphy/LithostratigraphicAttributions/LithostratigraphicAttribution/Bed,Bed,UnitHostRock/HostRockStratigraphy/LithostratigraphicAttributions/LithostratigraphicAttribution,4,UnitHostRock,LithostratigraphicAttributionsType,local,xs:string,XML Schema built-in,simple,0,1,N,N,0,,The smallest division of a named stratified series normally with well defined division from adjacent deposits.
306,UnitHostRock/HostRockStratigraphy/LithostratigraphicAttributions/LithostratigraphicAttribution/InformalLithostratigraphicName,InformalLithostratigraphicName,UnitHostRock/HostRockStratigraphy/LithostratigraphicAttributions/LithostratigraphicAttribution,4,UnitHostRock,LithostratigraphicAttributionsType,local,xs:string,XML Schema built-in,simple,0,1,N,N,0,,An informal lithostratigraphic name (ie. one not yet characterised as a formation or member or an old name still in general use e.g. Schaumkalk as part of the Muschelkalk or Keuper Marl as a synonym of the Mercia Mudstone Group. includes language as an attribute.
307,UnitHostRock/HostRockStratigraphy/LithostratigraphicAttributions/LithostratigraphicAttribution/Certainty,Certainty,UnitHostRock/HostRockStratigraphy/LithostratigraphicAttributions/LithostratigraphicAttribution,4,UnitHostRock,LithostratigraphicAttributionsType,global (ref),xs:string,XML Schema built-in,simple,0,1,N,N,0,,"Degree of certainty associated with the date determination e.g. unknown, certain, uncertain, possibly, known wrong."
308,UnitHostRock/HostRockStratigraphy/LithostratigraphicAttributions/LithostratigraphicAttribution/DatingQualifier,DatingQualifier,UnitHostRock/HostRockStratigraphy/LithostratigraphicAttributions/LithostratigraphicAttribution,4,UnitHostRock,LithostratigraphicAttributionsType,global (ref),xs:string,XML Schema built-in,simple,0,1,N,N,0,,"Allows for qualification of date terms e.g. early/lower, middle, late/upper"
309,UnitHostRock/HostRockStratigraphy/LithostratigraphicAttributions/LithostratigraphicAttribution/Identifiers,Identifiers,UnitHostRock/HostRockStratigraphy/LithostratigraphicAttributions/LithostratigraphicAttribution,4,UnitHostRock,LithostratigraphicAttributionsType,local,efg:IdentifiersType,EFG named complexType,complex,0,1,N,N,0,,
310,UnitHostRock/HostRockStratigraphy/LithostratigraphicAttributions/LithostratigraphicAttribution/Identifiers/Person,Person,UnitHostRock/HostRockStratigraphy/LithostratigraphicAttributions/LithostratigraphicAttribution/Identifiers,5,UnitHostRock,IdentifiersType,local,abcd:PersonName,ABCD 2.06 (external),complex (ABCD),0,unbounded,N,Y,0,,Person type from the abcd schema
311,UnitHostRock/HostRockStratigraphy/LithostratigraphicAttributions/LithostratigraphicAttribution/Identifiers/Organisation,Organisation,UnitHostRock/HostRockStratigraphy/LithostratigraphicAttributions/LithostratigraphicAttribution/Identifiers,5,UnitHostRock,IdentifiersType,local,abcd:Organisation,ABCD 2.06 (external),complex (ABCD),0,unbounded,N,Y,0,,Organisation type from the abcd schema
312,UnitHostRock/HostRockStratigraphy/LithostratigraphicAttributions/LithostratigraphicAttribution/StratigraphicMeasurementsOrFacts,StratigraphicMeasurementsOrFacts,UnitHostRock/HostRockStratigraphy/LithostratigraphicAttributions/LithostratigraphicAttribution,4,UnitHostRock,LithostratigraphicAttributionsType,global (ref),(anonymous complexType),EFG inline,complex,0,1,N,N,0,,"Container element for multiple measurements (e.g. thickness, dip etc.) or facts (e.g. this bed was first identified by Charles Moore as the Reptile and Fish Bed from which he obtained Nothosaurus). This element contains the standard schema complex type MeasurementOrFact."
313,UnitHostRock/HostRockStratigraphy/LithostratigraphicAttributions/LithostratigraphicAttribution/StratigraphicMeasurementsOrFacts/StratigraphicMeasurementOrFact,StratigraphicMeasurementOrFact,UnitHostRock/HostRockStratigraphy/LithostratigraphicAttributions/LithostratigraphicAttribution/StratigraphicMeasurementsOrFacts,5,UnitHostRock,LithostratigraphicAttributionsType,local,abcd:MeasurementOrFact,ABCD 2.06 (external),complex (ABCD),1,unbounded,Y,Y,0,,Container for single instance of complex type MeasurementOrFact
314,UnitHostRock/HostRockStratigraphy/BiostratigraphicAttributions,BiostratigraphicAttributions,UnitHostRock/HostRockStratigraphy,2,UnitHostRock,StratigraphicAttributionsType,local,efg:BiostratigraphicAttributionsType,EFG named complexType,complex,0,1,N,N,0,,Container for optional multiple references to fossil zones e.g. where a range of zones and subzones might be represented.
315,UnitHostRock/HostRockStratigraphy/BiostratigraphicAttributions/BiostratigraphicAttribution,BiostratigraphicAttribution,UnitHostRock/HostRockStratigraphy/BiostratigraphicAttributions,3,UnitHostRock,BiostratigraphicAttributionsType,local,(anonymous complexType),EFG inline,complex,1,unbounded,Y,Y,0,,A single declaration of a fossil zone or subzone.
316,UnitHostRock/HostRockStratigraphy/BiostratigraphicAttributions/BiostratigraphicAttribution/ZonalFossilType,ZonalFossilType,UnitHostRock/HostRockStratigraphy/BiostratigraphicAttributions/BiostratigraphicAttribution,4,UnitHostRock,BiostratigraphicAttributionsType,local,xs:string,XML Schema built-in,simple,1,1,Y,N,0,,"What sort of biozone is being recorded? e.g. what animal or plant group is it based on? (ammonite, brachiopod,coral, plant, foram, nanoplankton etc.)"
317,UnitHostRock/HostRockStratigraphy/BiostratigraphicAttributions/BiostratigraphicAttribution/FossilZoneName,FossilZoneName,UnitHostRock/HostRockStratigraphy/BiostratigraphicAttributions/BiostratigraphicAttribution,4,UnitHostRock,BiostratigraphicAttributionsType,local,xs:string,XML Schema built-in,simple,1,1,Y,N,0,,The actual name of the biozone. Ideally this should be in its expanded form although common usage tends to abbreviate the generic epithet.
318,UnitHostRock/HostRockStratigraphy/BiostratigraphicAttributions/BiostratigraphicAttribution/FossilSubzoneName,FossilSubzoneName,UnitHostRock/HostRockStratigraphy/BiostratigraphicAttributions/BiostratigraphicAttribution,4,UnitHostRock,BiostratigraphicAttributionsType,local,xs:string,XML Schema built-in,simple,0,1,N,N,0,,"The subzone name, if any, this should ideally be in expanded form rather than abbreviated."
319,UnitHostRock/HostRockStratigraphy/BiostratigraphicAttributions/BiostratigraphicAttribution/Certainty,Certainty,UnitHostRock/HostRockStratigraphy/BiostratigraphicAttributions/BiostratigraphicAttribution,4,UnitHostRock,BiostratigraphicAttributionsType,global (ref),xs:string,XML Schema built-in,simple,0,1,N,N,0,,"Degree of certainty associated with the date determination e.g. unknown, certain, uncertain, possibly, known wrong."
320,UnitHostRock/HostRockStratigraphy/BiostratigraphicAttributions/BiostratigraphicAttribution/RangePosition,RangePosition,UnitHostRock/HostRockStratigraphy/BiostratigraphicAttributions/BiostratigraphicAttribution,4,UnitHostRock,BiostratigraphicAttributionsType,local,xs:string,XML Schema built-in,simple,0,1,N,N,0,,"Range position if this attribution is the earliest, midway or latest in a possible range. e.g. It is not always clear what zone a particular taxon belongs to and therefore a range may be needed."
321,UnitHostRock/HostRockStratigraphy/BiostratigraphicAttributions/BiostratigraphicAttribution/DatingQualifier,DatingQualifier,UnitHostRock/HostRockStratigraphy/BiostratigraphicAttributions/BiostratigraphicAttribution,4,UnitHostRock,BiostratigraphicAttributionsType,global (ref),xs:string,XML Schema built-in,simple,0,1,N,N,0,,"Allows for qualification of date terms e.g. early/lower, middle, late/upper"
322,UnitHostRock/HostRockStratigraphy/BiostratigraphicAttributions/BiostratigraphicAttribution/Identifiers,Identifiers,UnitHostRock/HostRockStratigraphy/BiostratigraphicAttributions/BiostratigraphicAttribution,4,UnitHostRock,BiostratigraphicAttributionsType,local,efg:IdentifiersType,EFG named complexType,complex,0,unbounded,N,Y,0,,
323,UnitHostRock/HostRockStratigraphy/BiostratigraphicAttributions/BiostratigraphicAttribution/Identifiers/Person,Person,UnitHostRock/HostRockStratigraphy/BiostratigraphicAttributions/BiostratigraphicAttribution/Identifiers,5,UnitHostRock,IdentifiersType,local,abcd:PersonName,ABCD 2.06 (external),complex (ABCD),0,unbounded,N,Y,0,,Person type from the abcd schema
324,UnitHostRock/HostRockStratigraphy/BiostratigraphicAttributions/BiostratigraphicAttribution/Identifiers/Organisation,Organisation,UnitHostRock/HostRockStratigraphy/BiostratigraphicAttributions/BiostratigraphicAttribution/Identifiers,5,UnitHostRock,IdentifiersType,local,abcd:Organisation,ABCD 2.06 (external),complex (ABCD),0,unbounded,N,Y,0,,Organisation type from the abcd schema
325,UnitHostRock/HostRockStratigraphy/BiostratigraphicAttributions/BiostratigraphicAttribution/StratigraphicMeasurementsOrFacts,StratigraphicMeasurementsOrFacts,UnitHostRock/HostRockStratigraphy/BiostratigraphicAttributions/BiostratigraphicAttribution,4,UnitHostRock,BiostratigraphicAttributionsType,global (ref),(anonymous complexType),EFG inline,complex,0,1,N,N,0,,"Container element for multiple measurements (e.g. thickness, dip etc.) or facts (e.g. this bed was first identified by Charles Moore as the Reptile and Fish Bed from which he obtained Nothosaurus). This element contains the standard schema complex type MeasurementOrFact."
326,UnitHostRock/HostRockStratigraphy/BiostratigraphicAttributions/BiostratigraphicAttribution/StratigraphicMeasurementsOrFacts/StratigraphicMeasurementOrFact,StratigraphicMeasurementOrFact,UnitHostRock/HostRockStratigraphy/BiostratigraphicAttributions/BiostratigraphicAttribution/StratigraphicMeasurementsOrFacts,5,UnitHostRock,BiostratigraphicAttributionsType,local,abcd:MeasurementOrFact,ABCD 2.06 (external),complex (ABCD),1,unbounded,Y,Y,0,,Container for single instance of complex type MeasurementOrFact
327,UnitHostRock/HostRockStratigraphy/MagnetostratigraphicDeterminations,MagnetostratigraphicDeterminations,UnitHostRock/HostRockStratigraphy,2,UnitHostRock,StratigraphicAttributionsType,local,efg:MagnetostratigraphicDeterminationsType,EFG named complexType,complex,0,1,N,N,0,,"Container for details of any magnetostratigraphic evidence cited to support the dating of rocks. Magnetostratigraphy uses a range of readings over a sequence of rocks to provide a pattern that is correlated with known dated sequences. It includes its own series of divisions including superchrons, chrons and subchrons."
328,UnitHostRock/HostRockStratigraphy/MagnetostratigraphicDeterminations/MagnetostratigraphicDetermination,MagnetostratigraphicDetermination,UnitHostRock/HostRockStratigraphy/MagnetostratigraphicDeterminations,3,UnitHostRock,MagnetostratigraphicDeterminationsType,local,(anonymous complexType),EFG inline,complex,1,unbounded,Y,Y,0,,Single record of magnetostratigraphic dating
329,UnitHostRock/HostRockStratigraphy/MagnetostratigraphicDeterminations/MagnetostratigraphicDetermination/PolaritySuperchron,PolaritySuperchron,UnitHostRock/HostRockStratigraphy/MagnetostratigraphicDeterminations/MagnetostratigraphicDetermination,4,UnitHostRock,MagnetostratigraphicDeterminationsType,local,xs:string,XML Schema built-in,simple,0,1,N,N,0,,largest division of magnetostratigraphic terms
330,UnitHostRock/HostRockStratigraphy/MagnetostratigraphicDeterminations/MagnetostratigraphicDetermination/PolarityChron,PolarityChron,UnitHostRock/HostRockStratigraphy/MagnetostratigraphicDeterminations/MagnetostratigraphicDetermination,4,UnitHostRock,MagnetostratigraphicDeterminationsType,local,xs:string,XML Schema built-in,simple,0,1,N,N,0,,Reference to numerical scheme for labelling time divisions based on magnetic anomalies and reversals
331,UnitHostRock/HostRockStratigraphy/MagnetostratigraphicDeterminations/MagnetostratigraphicDetermination/PolaritySubchron,PolaritySubchron,UnitHostRock/HostRockStratigraphy/MagnetostratigraphicDeterminations/MagnetostratigraphicDetermination,4,UnitHostRock,MagnetostratigraphicDeterminationsType,local,xs:string,XML Schema built-in,simple,0,1,N,N,0,,Any named subdivision of a Polarity Chron
332,UnitHostRock/HostRockStratigraphy/MagnetostratigraphicDeterminations/MagnetostratigraphicDetermination/MagnetostratigraphicDetail,MagnetostratigraphicDetail,UnitHostRock/HostRockStratigraphy/MagnetostratigraphicDeterminations/MagnetostratigraphicDetermination,4,UnitHostRock,MagnetostratigraphicDeterminationsType,local,xs:string,XML Schema built-in,simple,0,1,N,N,0,,Free text describing the use of magnetostratigraphic correlation.
333,UnitHostRock/HostRockStratigraphy/MagnetostratigraphicDeterminations/MagnetostratigraphicDetermination/AnalysisDateTime,AnalysisDateTime,UnitHostRock/HostRockStratigraphy/MagnetostratigraphicDeterminations/MagnetostratigraphicDetermination,4,UnitHostRock,MagnetostratigraphicDeterminationsType,global (ref),(anonymous complexType),EFG inline,complex,0,1,N,N,0,,When the analysis was carried out
334,UnitHostRock/HostRockStratigraphy/MagnetostratigraphicDeterminations/MagnetostratigraphicDetermination/AnalysisDateTime/ExactDate,ExactDate,UnitHostRock/HostRockStratigraphy/MagnetostratigraphicDeterminations/MagnetostratigraphicDetermination/AnalysisDateTime,5,UnitHostRock,MagnetostratigraphicDeterminationsType,local,abcd:DateTime,ABCD 2.06 (external),complex (ABCD),0,1,N,N,0,,Uses DateTime element from ABCD
335,UnitHostRock/HostRockStratigraphy/MagnetostratigraphicDeterminations/MagnetostratigraphicDetermination/AnalysisDateTime/DateText,DateText,UnitHostRock/HostRockStratigraphy/MagnetostratigraphicDeterminations/MagnetostratigraphicDetermination/AnalysisDateTime,5,UnitHostRock,MagnetostratigraphicDeterminationsType,local,xs:string,XML Schema built-in,simple,0,1,N,N,0,,Free text to allow for vague dates or description of analysis period.
336,UnitHostRock/HostRockStratigraphy/MagnetostratigraphicDeterminations/MagnetostratigraphicDetermination/Certainty,Certainty,UnitHostRock/HostRockStratigraphy/MagnetostratigraphicDeterminations/MagnetostratigraphicDetermination,4,UnitHostRock,MagnetostratigraphicDeterminationsType,global (ref),xs:string,XML Schema built-in,simple,0,1,N,N,0,,"Degree of certainty associated with the date determination e.g. unknown, certain, uncertain, possibly, known wrong."
337,UnitHostRock/HostRockStratigraphy/MagnetostratigraphicDeterminations/MagnetostratigraphicDetermination/DatingQualifier,DatingQualifier,UnitHostRock/HostRockStratigraphy/MagnetostratigraphicDeterminations/MagnetostratigraphicDetermination,4,UnitHostRock,MagnetostratigraphicDeterminationsType,global (ref),xs:string,XML Schema built-in,simple,0,1,N,N,0,,"Allows for qualification of date terms e.g. early/lower, middle, late/upper"
338,UnitHostRock/HostRockStratigraphy/MagnetostratigraphicDeterminations/MagnetostratigraphicDetermination/Identifiers,Identifiers,UnitHostRock/HostRockStratigraphy/MagnetostratigraphicDeterminations/MagnetostratigraphicDetermination,4,UnitHostRock,MagnetostratigraphicDeterminationsType,local,efg:IdentifiersType,EFG named complexType,complex,0,1,N,N,0,,
339,UnitHostRock/HostRockStratigraphy/MagnetostratigraphicDeterminations/MagnetostratigraphicDetermination/Identifiers/Person,Person,UnitHostRock/HostRockStratigraphy/MagnetostratigraphicDeterminations/MagnetostratigraphicDetermination/Identifiers,5,UnitHostRock,IdentifiersType,local,abcd:PersonName,ABCD 2.06 (external),complex (ABCD),0,unbounded,N,Y,0,,Person type from the abcd schema
340,UnitHostRock/HostRockStratigraphy/MagnetostratigraphicDeterminations/MagnetostratigraphicDetermination/Identifiers/Organisation,Organisation,UnitHostRock/HostRockStratigraphy/MagnetostratigraphicDeterminations/MagnetostratigraphicDetermination/Identifiers,5,UnitHostRock,IdentifiersType,local,abcd:Organisation,ABCD 2.06 (external),complex (ABCD),0,unbounded,N,Y,0,,Organisation type from the abcd schema
341,UnitHostRock/HostRockStratigraphy/MagnetostratigraphicDeterminations/MagnetostratigraphicDetermination/AnalysisReferences,AnalysisReferences,UnitHostRock/HostRockStratigraphy/MagnetostratigraphicDeterminations/MagnetostratigraphicDetermination,4,UnitHostRock,MagnetostratigraphicDeterminationsType,global (ref),(anonymous complexType),EFG inline,complex,0,unbounded,N,Y,0,,Container for 1 or more references related to the analysis
342,UnitHostRock/HostRockStratigraphy/MagnetostratigraphicDeterminations/MagnetostratigraphicDetermination/AnalysisReferences/AnalysisReference,AnalysisReference,UnitHostRock/HostRockStratigraphy/MagnetostratigraphicDeterminations/MagnetostratigraphicDetermination/AnalysisReferences,5,UnitHostRock,MagnetostratigraphicDeterminationsType,local,abcd:Reference,ABCD 2.06 (external),complex (ABCD),1,unbounded,Y,Y,0,,Individual documentary reference linked to an analysis. Uses abcd:Reference Type
343,UnitHostRock/HostRockStratigraphy/IsotopeStratigraphicDeterminations,IsotopeStratigraphicDeterminations,UnitHostRock/HostRockStratigraphy,2,UnitHostRock,StratigraphicAttributionsType,local,efg:IsotopeStratigraphicDeterminationsType,EFG named complexType,complex,0,1,N,N,0,,Container for detail referring to any isotope concentration study. Isotope stratigraphy uses a range of readings over a sequence of rocks to create profiles that are correlated with dated sequences.
344,UnitHostRock/HostRockStratigraphy/IsotopeStratigraphicDeterminations/IsotopeStratigraphicDetermination,IsotopeStratigraphicDetermination,UnitHostRock/HostRockStratigraphy/IsotopeStratigraphicDeterminations,3,UnitHostRock,IsotopeStratigraphicDeterminationsType,local,(anonymous complexType),EFG inline,complex,1,unbounded,Y,Y,0,,Single record of an isotope stratigraphic determination
345,UnitHostRock/HostRockStratigraphy/IsotopeStratigraphicDeterminations/IsotopeStratigraphicDetermination/IsotopesMeasured,IsotopesMeasured,UnitHostRock/HostRockStratigraphy/IsotopeStratigraphicDeterminations/IsotopeStratigraphicDetermination,4,UnitHostRock,IsotopeStratigraphicDeterminationsType,local,xs:string,XML Schema built-in,simple,1,1,Y,N,0,,"What isotopes were used for this correlation e.g. Oxygen, Strontium, Carbon or more specific (O18/O16)"
346,UnitHostRock/HostRockStratigraphy/IsotopeStratigraphicDeterminations/IsotopeStratigraphicDetermination/IsotopeStratigraphicDetail,IsotopeStratigraphicDetail,UnitHostRock/HostRockStratigraphy/IsotopeStratigraphicDeterminations/IsotopeStratigraphicDetermination,4,UnitHostRock,IsotopeStratigraphicDeterminationsType,local,xs:string,XML Schema built-in,simple,1,1,Y,N,0,,Free text describing the isotope correlation result.
347,UnitHostRock/HostRockStratigraphy/IsotopeStratigraphicDeterminations/IsotopeStratigraphicDetermination/AnalysisDateTime,AnalysisDateTime,UnitHostRock/HostRockStratigraphy/IsotopeStratigraphicDeterminations/IsotopeStratigraphicDetermination,4,UnitHostRock,IsotopeStratigraphicDeterminationsType,global (ref),(anonymous complexType),EFG inline,complex,0,1,N,N,0,,When the analysis was carried out
348,UnitHostRock/HostRockStratigraphy/IsotopeStratigraphicDeterminations/IsotopeStratigraphicDetermination/AnalysisDateTime/ExactDate,ExactDate,UnitHostRock/HostRockStratigraphy/IsotopeStratigraphicDeterminations/IsotopeStratigraphicDetermination/AnalysisDateTime,5,UnitHostRock,IsotopeStratigraphicDeterminationsType,local,abcd:DateTime,ABCD 2.06 (external),complex (ABCD),0,1,N,N,0,,Uses DateTime element from ABCD
349,UnitHostRock/HostRockStratigraphy/IsotopeStratigraphicDeterminations/IsotopeStratigraphicDetermination/AnalysisDateTime/DateText,DateText,UnitHostRock/HostRockStratigraphy/IsotopeStratigraphicDeterminations/IsotopeStratigraphicDetermination/AnalysisDateTime,5,UnitHostRock,IsotopeStratigraphicDeterminationsType,local,xs:string,XML Schema built-in,simple,0,1,N,N,0,,Free text to allow for vague dates or description of analysis period.
350,UnitHostRock/HostRockStratigraphy/IsotopeStratigraphicDeterminations/IsotopeStratigraphicDetermination/Certainty,Certainty,UnitHostRock/HostRockStratigraphy/IsotopeStratigraphicDeterminations/IsotopeStratigraphicDetermination,4,UnitHostRock,IsotopeStratigraphicDeterminationsType,global (ref),xs:string,XML Schema built-in,simple,0,1,N,N,0,,"Degree of certainty associated with the date determination e.g. unknown, certain, uncertain, possibly, known wrong."
351,UnitHostRock/HostRockStratigraphy/IsotopeStratigraphicDeterminations/IsotopeStratigraphicDetermination/DatingQualifier,DatingQualifier,UnitHostRock/HostRockStratigraphy/IsotopeStratigraphicDeterminations/IsotopeStratigraphicDetermination,4,UnitHostRock,IsotopeStratigraphicDeterminationsType,global (ref),xs:string,XML Schema built-in,simple,0,1,N,N,0,,"Allows for qualification of date terms e.g. early/lower, middle, late/upper"
352,UnitHostRock/HostRockStratigraphy/IsotopeStratigraphicDeterminations/IsotopeStratigraphicDetermination/Identifiers,Identifiers,UnitHostRock/HostRockStratigraphy/IsotopeStratigraphicDeterminations/IsotopeStratigraphicDetermination,4,UnitHostRock,IsotopeStratigraphicDeterminationsType,local,efg:IdentifiersType,EFG named complexType,complex,0,1,N,N,0,,
353,UnitHostRock/HostRockStratigraphy/IsotopeStratigraphicDeterminations/IsotopeStratigraphicDetermination/Identifiers/Person,Person,UnitHostRock/HostRockStratigraphy/IsotopeStratigraphicDeterminations/IsotopeStratigraphicDetermination/Identifiers,5,UnitHostRock,IdentifiersType,local,abcd:PersonName,ABCD 2.06 (external),complex (ABCD),0,unbounded,N,Y,0,,Person type from the abcd schema
354,UnitHostRock/HostRockStratigraphy/IsotopeStratigraphicDeterminations/IsotopeStratigraphicDetermination/Identifiers/Organisation,Organisation,UnitHostRock/HostRockStratigraphy/IsotopeStratigraphicDeterminations/IsotopeStratigraphicDetermination/Identifiers,5,UnitHostRock,IdentifiersType,local,abcd:Organisation,ABCD 2.06 (external),complex (ABCD),0,unbounded,N,Y,0,,Organisation type from the abcd schema
355,UnitHostRock/HostRockStratigraphy/IsotopeStratigraphicDeterminations/IsotopeStratigraphicDetermination/AnalysisReferences,AnalysisReferences,UnitHostRock/HostRockStratigraphy/IsotopeStratigraphicDeterminations/IsotopeStratigraphicDetermination,4,UnitHostRock,IsotopeStratigraphicDeterminationsType,global (ref),(anonymous complexType),EFG inline,complex,0,1,N,N,0,,Container for 1 or more references related to the analysis
356,UnitHostRock/HostRockStratigraphy/IsotopeStratigraphicDeterminations/IsotopeStratigraphicDetermination/AnalysisReferences/AnalysisReference,AnalysisReference,UnitHostRock/HostRockStratigraphy/IsotopeStratigraphicDeterminations/IsotopeStratigraphicDetermination/AnalysisReferences,5,UnitHostRock,IsotopeStratigraphicDeterminationsType,local,abcd:Reference,ABCD 2.06 (external),complex (ABCD),1,unbounded,Y,Y,0,,Individual documentary reference linked to an analysis. Uses abcd:Reference Type
357,UnitHostRock/HostRockStratigraphy/RadiometricDates,RadiometricDates,UnitHostRock/HostRockStratigraphy,2,UnitHostRock,StratigraphicAttributionsType,local,efg:RadiometricDatesType,EFG named complexType,complex,0,1,N,N,0,,Container for absolute dates obtained from radiometric analysis.
358,UnitHostRock/HostRockStratigraphy/RadiometricDates/RadiometricDate,RadiometricDate,UnitHostRock/HostRockStratigraphy/RadiometricDates,3,UnitHostRock,RadiometricDatesType,local,(anonymous complexType),EFG inline,complex,1,unbounded,Y,Y,0,,Container for a single radiometric date analysis
359,UnitHostRock/HostRockStratigraphy/RadiometricDates/RadiometricDate/RadiometricDatingMethod,RadiometricDatingMethod,UnitHostRock/HostRockStratigraphy/RadiometricDates/RadiometricDate,4,UnitHostRock,RadiometricDatesType,local,xs:string,XML Schema built-in,simple,1,1,Y,N,0,,"Method, analysis technique used to determine date e.g. radiocarbon, Potassium-Argon etc."
360,UnitHostRock/HostRockStratigraphy/RadiometricDates/RadiometricDate/MaterialDated,MaterialDated,UnitHostRock/HostRockStratigraphy/RadiometricDates/RadiometricDate,4,UnitHostRock,RadiometricDatesType,local,xs:string,XML Schema built-in,simple,0,1,N,N,0,,"What was actually dated? e.g. Glauconite grains in a sandstone, wood from peat-core etc."
361,UnitHostRock/HostRockStratigraphy/RadiometricDates/RadiometricDate/EarliestDate,EarliestDate,UnitHostRock/HostRockStratigraphy/RadiometricDates/RadiometricDate,4,UnitHostRock,RadiometricDatesType,local,xs:string,XML Schema built-in,simple,1,1,Y,N,0,,The earliest date in a date range suggested by the analysis or the single date if only one is given
362,UnitHostRock/HostRockStratigraphy/RadiometricDates/RadiometricDate/LatestDate,LatestDate,UnitHostRock/HostRockStratigraphy/RadiometricDates/RadiometricDate,4,UnitHostRock,RadiometricDatesType,local,xs:string,XML Schema built-in,simple,0,1,N,N,0,,The latest date where a range of values is given
363,UnitHostRock/HostRockStratigraphy/RadiometricDates/RadiometricDate/TimeUnit,TimeUnit,UnitHostRock/HostRockStratigraphy/RadiometricDates/RadiometricDate,4,UnitHostRock,RadiometricDatesType,local,xs:string,XML Schema built-in,simple,1,1,Y,N,0,,The time units being measured or how the numbers are expressed e.g. millions of years B.P. or thousands of years B.C.
364,UnitHostRock/HostRockStratigraphy/RadiometricDates/RadiometricDate/DatingAccuracy,DatingAccuracy,UnitHostRock/HostRockStratigraphy/RadiometricDates/RadiometricDate,4,UnitHostRock,RadiometricDatesType,local,xs:string,XML Schema built-in,simple,0,1,N,N,0,,The degree of certainty or likely accuracy of the dating analysis e.g. +/- 1 m.y.
365,UnitHostRock/HostRockStratigraphy/RadiometricDates/RadiometricDate/DatingComment,DatingComment,UnitHostRock/HostRockStratigraphy/RadiometricDates/RadiometricDate,4,UnitHostRock,RadiometricDatesType,local,xs:string,XML Schema built-in,simple,0,1,N,N,0,,Free text description of the anlysis or its result.
366,UnitHostRock/HostRockStratigraphy/RadiometricDates/RadiometricDate/AnalysisDateTime,AnalysisDateTime,UnitHostRock/HostRockStratigraphy/RadiometricDates/RadiometricDate,4,UnitHostRock,RadiometricDatesType,global (ref),(anonymous complexType),EFG inline,complex,0,1,N,N,0,,When the analysis was carried out
367,UnitHostRock/HostRockStratigraphy/RadiometricDates/RadiometricDate/AnalysisDateTime/ExactDate,ExactDate,UnitHostRock/HostRockStratigraphy/RadiometricDates/RadiometricDate/AnalysisDateTime,5,UnitHostRock,RadiometricDatesType,local,abcd:DateTime,ABCD 2.06 (external),complex (ABCD),0,1,N,N,0,,Uses DateTime element from ABCD
368,UnitHostRock/HostRockStratigraphy/RadiometricDates/RadiometricDate/AnalysisDateTime/DateText,DateText,UnitHostRock/HostRockStratigraphy/RadiometricDates/RadiometricDate/AnalysisDateTime,5,UnitHostRock,RadiometricDatesType,local,xs:string,XML Schema built-in,simple,0,1,N,N,0,,Free text to allow for vague dates or description of analysis period.
369,UnitHostRock/HostRockStratigraphy/RadiometricDates/RadiometricDate/Identifiers,Identifiers,UnitHostRock/HostRockStratigraphy/RadiometricDates/RadiometricDate,4,UnitHostRock,RadiometricDatesType,local,efg:IdentifiersType,EFG named complexType,complex,0,1,N,N,0,,
370,UnitHostRock/HostRockStratigraphy/RadiometricDates/RadiometricDate/Identifiers/Person,Person,UnitHostRock/HostRockStratigraphy/RadiometricDates/RadiometricDate/Identifiers,5,UnitHostRock,IdentifiersType,local,abcd:PersonName,ABCD 2.06 (external),complex (ABCD),0,unbounded,N,Y,0,,Person type from the abcd schema
371,UnitHostRock/HostRockStratigraphy/RadiometricDates/RadiometricDate/Identifiers/Organisation,Organisation,UnitHostRock/HostRockStratigraphy/RadiometricDates/RadiometricDate/Identifiers,5,UnitHostRock,IdentifiersType,local,abcd:Organisation,ABCD 2.06 (external),complex (ABCD),0,unbounded,N,Y,0,,Organisation type from the abcd schema
372,UnitHostRock/HostRockStratigraphy/RadiometricDates/RadiometricDate/AnalysisReferences,AnalysisReferences,UnitHostRock/HostRockStratigraphy/RadiometricDates/RadiometricDate,4,UnitHostRock,RadiometricDatesType,global (ref),(anonymous complexType),EFG inline,complex,0,1,N,N,0,,Container for 1 or more references related to the analysis
373,UnitHostRock/HostRockStratigraphy/RadiometricDates/RadiometricDate/AnalysisReferences/AnalysisReference,AnalysisReference,UnitHostRock/HostRockStratigraphy/RadiometricDates/RadiometricDate/AnalysisReferences,5,UnitHostRock,RadiometricDatesType,local,abcd:Reference,ABCD 2.06 (external),complex (ABCD),1,unbounded,Y,Y,0,,Individual documentary reference linked to an analysis. Uses abcd:Reference Type
374,UnitHostRock/HostRockStratigraphy/PositionInSequence,PositionInSequence,UnitHostRock/HostRockStratigraphy,2,UnitHostRock,StratigraphicAttributionsType,local,xs:string,XML Schema built-in,simple,0,1,N,N,0,,The position this stratigraphic 'unit' has in the sequence for the site. e.g. a bed number
375,Alteration,Alteration,,0,Alteration,(schema),global,efg:AlterationType,EFG named complexType,complex,1,1,Y,N,0,,
376,Alteration/AlterationType,AlterationType,Alteration,1,Alteration,AlterationType,local,xs:string,XML Schema built-in,simple,1,1,Y,N,0,,"Free text describing the type of change that has taken place e.g. chloritisation, migmatisation, cataclastic brecciation etc."
377,Alteration/AlterationDegree,AlterationDegree,Alteration,1,Alteration,AlterationType,local,xs:string,XML Schema built-in,simple,0,1,N,N,0,,Free text describing the degree of alteration or metamorphic phase that has affected a rock. [This element may need to be split into hydrothermal mineralogical change and metamorphic phases]
378,Alteration/ShockMetamorphicGrade,ShockMetamorphicGrade,Alteration,1,Alteration,AlterationType,local,xs:string,XML Schema built-in,simple,0,1,N,N,0,,"Free text for describing the type of alteration caused by impact, as in meteorites. Also called shock stage."
379,Alteration/DiageneticChange,DiageneticChange,Alteration,1,Alteration,AlterationType,local,xs:string,XML Schema built-in,simple,0,1,N,N,0,,"Free text for describing any physical and chemical changes that took place in a sediment during the lithification process e.g. compaction, cementation, recrystallisation, dolomitisation and replacement."
380,SiteStratigraphy,SiteStratigraphy,,0,SiteStratigraphy,(schema),global,efg:SiteStratigraphyType,EFG named complexType,complex,1,1,Y,N,0,,
381,SiteStratigraphy/SiteStratigraphicAttributions,SiteStratigraphicAttributions,SiteStratigraphy,1,SiteStratigraphy,SiteStratigraphyType,local,efg:StratigraphicAttributionsType,EFG named complexType,complex,1,1,Y,N,0,,Individual stratigraphic determinations related to the Gathering site - not measured sections.
382,SiteStratigraphy/SiteStratigraphicAttributions/ChronostratigraphicAttributions,ChronostratigraphicAttributions,SiteStratigraphy/SiteStratigraphicAttributions,2,SiteStratigraphy,StratigraphicAttributionsType,local,efg:ChronostratigraphicAttributionsType,EFG named complexType,complex,0,1,N,N,0,,Allows for multiple and range declarations of chronostratigraphic terms. This element combines both chronostratigraphic and geochronologic terms with preference for chronostratigraphic. (Zalasiewicz et al. 2004)
383,SiteStratigraphy/SiteStratigraphicAttributions/ChronostratigraphicAttributions/ChronostratigraphicAttribution,ChronostratigraphicAttribution,SiteStratigraphy/SiteStratigraphicAttributions/ChronostratigraphicAttributions,3,SiteStratigraphy,ChronostratigraphicAttributionsType,local,(anonymous complexType),EFG inline,complex,1,unbounded,Y,Y,0,,A single declaration of an identifed chronostratigraphic date
384,SiteStratigraphy/SiteStratigraphicAttributions/ChronostratigraphicAttributions/ChronostratigraphicAttribution/ChronoStratigraphicDivision,ChronoStratigraphicDivision,SiteStratigraphy/SiteStratigraphicAttributions/ChronostratigraphicAttributions/ChronostratigraphicAttribution,4,SiteStratigraphy,ChronostratigraphicAttributionsType,local,xs:string,XML Schema built-in,simple,1,1,Y,N,0,,"Classification level for the term e.g. eon, system, stage etc."
385,SiteStratigraphy/SiteStratigraphicAttributions/ChronostratigraphicAttributions/ChronostratigraphicAttribution/ChronostratigraphicName,ChronostratigraphicName,SiteStratigraphy/SiteStratigraphicAttributions/ChronostratigraphicAttributions/ChronostratigraphicAttribution,4,SiteStratigraphy,ChronostratigraphicAttributionsType,local,xs:string,XML Schema built-in,simple,1,1,Y,N,0,,"The formal geo/chrono chronologic name e.g. Jurassic, Kimmeridgian etc."
386,SiteStratigraphy/SiteStratigraphicAttributions/ChronostratigraphicAttributions/ChronostratigraphicAttribution/DatingQualifier,DatingQualifier,SiteStratigraphy/SiteStratigraphicAttributions/ChronostratigraphicAttributions/ChronostratigraphicAttribution,4,SiteStratigraphy,ChronostratigraphicAttributionsType,global (ref),xs:string,XML Schema built-in,simple,0,1,N,N,0,,"Allows for qualification of date terms e.g. early/lower, middle, late/upper"
387,SiteStratigraphy/SiteStratigraphicAttributions/ChronostratigraphicAttributions/ChronostratigraphicAttribution/Certainty,Certainty,SiteStratigraphy/SiteStratigraphicAttributions/ChronostratigraphicAttributions/ChronostratigraphicAttribution,4,SiteStratigraphy,ChronostratigraphicAttributionsType,global (ref),xs:string,XML Schema built-in,simple,0,1,N,N,0,,"Degree of certainty associated with the date determination e.g. unknown, certain, uncertain, possibly, known wrong."
388,SiteStratigraphy/SiteStratigraphicAttributions/ChronostratigraphicAttributions/ChronostratigraphicAttribution/RangePosition,RangePosition,SiteStratigraphy/SiteStratigraphicAttributions/ChronostratigraphicAttributions/ChronostratigraphicAttribution,4,SiteStratigraphy,ChronostratigraphicAttributionsType,local,xs:string (restricted),EFG inline simpleType,simple,0,1,N,N,0,,"text field to mark if this date is the earlest in a possible range, midway or the latest. May need to be used if there is a possibility of a range of dates."
389,SiteStratigraphy/SiteStratigraphicAttributions/ChronostratigraphicAttributions/ChronostratigraphicAttribution/Identifiers,Identifiers,SiteStratigraphy/SiteStratigraphicAttributions/ChronostratigraphicAttributions/ChronostratigraphicAttribution,4,SiteStratigraphy,ChronostratigraphicAttributionsType,local,efg:IdentifiersType,EFG named complexType,complex,0,1,N,N,0,,
390,SiteStratigraphy/SiteStratigraphicAttributions/ChronostratigraphicAttributions/ChronostratigraphicAttribution/Identifiers/Person,Person,SiteStratigraphy/SiteStratigraphicAttributions/ChronostratigraphicAttributions/ChronostratigraphicAttribution/Identifiers,5,SiteStratigraphy,IdentifiersType,local,abcd:PersonName,ABCD 2.06 (external),complex (ABCD),0,unbounded,N,Y,0,,Person type from the abcd schema
391,SiteStratigraphy/SiteStratigraphicAttributions/ChronostratigraphicAttributions/ChronostratigraphicAttribution/Identifiers/Organisation,Organisation,SiteStratigraphy/SiteStratigraphicAttributions/ChronostratigraphicAttributions/ChronostratigraphicAttribution/Identifiers,5,SiteStratigraphy,IdentifiersType,local,abcd:Organisation,ABCD 2.06 (external),complex (ABCD),0,unbounded,N,Y,0,,Organisation type from the abcd schema
392,SiteStratigraphy/SiteStratigraphicAttributions/ChronostratigraphicAttributions/ChronostratigraphicAttribution/StratigraphicMeasurementsOrFacts,StratigraphicMeasurementsOrFacts,SiteStratigraphy/SiteStratigraphicAttributions/ChronostratigraphicAttributions/ChronostratigraphicAttribution,4,SiteStratigraphy,ChronostratigraphicAttributionsType,global (ref),(anonymous complexType),EFG inline,complex,0,1,N,N,0,,"Container element for multiple measurements (e.g. thickness, dip etc.) or facts (e.g. this bed was first identified by Charles Moore as the Reptile and Fish Bed from which he obtained Nothosaurus). This element contains the standard schema complex type MeasurementOrFact."
393,SiteStratigraphy/SiteStratigraphicAttributions/ChronostratigraphicAttributions/ChronostratigraphicAttribution/StratigraphicMeasurementsOrFacts/StratigraphicMeasurementOrFact,StratigraphicMeasurementOrFact,SiteStratigraphy/SiteStratigraphicAttributions/ChronostratigraphicAttributions/ChronostratigraphicAttribution/StratigraphicMeasurementsOrFacts,5,SiteStratigraphy,ChronostratigraphicAttributionsType,local,abcd:MeasurementOrFact,ABCD 2.06 (external),complex (ABCD),1,unbounded,Y,Y,0,,Container for single instance of complex type MeasurementOrFact
394,SiteStratigraphy/SiteStratigraphicAttributions/LithostratigraphicAttributions,LithostratigraphicAttributions,SiteStratigraphy/SiteStratigraphicAttributions,2,SiteStratigraphy,StratigraphicAttributionsType,local,efg:LithostratigraphicAttributionsType,EFG named complexType,complex,0,1,N,N,0,,"Allows for multiple identifications of any named lithostratigraphic units (e.g. Penarth Group, Langport Member, Rhaetic Bone Bed)"
395,SiteStratigraphy/SiteStratigraphicAttributions/LithostratigraphicAttributions/LithostratigraphicAttribution,LithostratigraphicAttribution,SiteStratigraphy/SiteStratigraphicAttributions/LithostratigraphicAttributions,3,SiteStratigraphy,LithostratigraphicAttributionsType,local,(anonymous complexType),EFG inline,complex,1,unbounded,Y,Y,0,,An individual identification of a named lithostratigraphic unit e.g. The Hotwells Limestone Group. The higher lithostratigraphic terms are also allowed to cover the possibility of rock name homonyms and indexing in the absence of a complete dictionary of rock names.
396,SiteStratigraphy/SiteStratigraphicAttributions/LithostratigraphicAttributions/LithostratigraphicAttribution/Supergroup,Supergroup,SiteStratigraphy/SiteStratigraphicAttributions/LithostratigraphicAttributions/LithostratigraphicAttribution,4,SiteStratigraphy,LithostratigraphicAttributionsType,local,xs:string,XML Schema built-in,simple,0,1,N,N,0,,Highest level of lithostratigraphic classification
397,SiteStratigraphy/SiteStratigraphicAttributions/LithostratigraphicAttributions/LithostratigraphicAttribution/Group,Group,SiteStratigraphy/SiteStratigraphicAttributions/LithostratigraphicAttributions/LithostratigraphicAttribution,4,SiteStratigraphy,LithostratigraphicAttributionsType,local,xs:string,XML Schema built-in,simple,0,1,N,N,0,,Lithostratigraphic unit consisting of two or more formations
398,SiteStratigraphy/SiteStratigraphicAttributions/LithostratigraphicAttributions/LithostratigraphicAttribution/Formation,Formation,SiteStratigraphy/SiteStratigraphicAttributions/LithostratigraphicAttributions/LithostratigraphicAttribution,4,SiteStratigraphy,LithostratigraphicAttributionsType,local,xs:string,XML Schema built-in,simple,0,1,N,N,0,,The primary lithostratigraphic unit characterised by its lithologic features although it may be diachronous.
399,SiteStratigraphy/SiteStratigraphicAttributions/LithostratigraphicAttributions/LithostratigraphicAttribution/Member,Member,SiteStratigraphy/SiteStratigraphicAttributions/LithostratigraphicAttributions/LithostratigraphicAttribution,4,SiteStratigraphy,LithostratigraphicAttributionsType,local,xs:string,XML Schema built-in,simple,0,1,N,N,0,,A sub-division of a formation which may be local in extent or exhibits a distinctive lithology
400,SiteStratigraphy/SiteStratigraphicAttributions/LithostratigraphicAttributions/LithostratigraphicAttribution/Bed,Bed,SiteStratigraphy/SiteStratigraphicAttributions/LithostratigraphicAttributions/LithostratigraphicAttribution,4,SiteStratigraphy,LithostratigraphicAttributionsType,local,xs:string,XML Schema built-in,simple,0,1,N,N,0,,The smallest division of a named stratified series normally with well defined division from adjacent deposits.
401,SiteStratigraphy/SiteStratigraphicAttributions/LithostratigraphicAttributions/LithostratigraphicAttribution/InformalLithostratigraphicName,InformalLithostratigraphicName,SiteStratigraphy/SiteStratigraphicAttributions/LithostratigraphicAttributions/LithostratigraphicAttribution,4,SiteStratigraphy,LithostratigraphicAttributionsType,local,xs:string,XML Schema built-in,simple,0,1,N,N,0,,An informal lithostratigraphic name (ie. one not yet characterised as a formation or member or an old name still in general use e.g. Schaumkalk as part of the Muschelkalk or Keuper Marl as a synonym of the Mercia Mudstone Group. includes language as an attribute.
402,SiteStratigraphy/SiteStratigraphicAttributions/LithostratigraphicAttributions/LithostratigraphicAttribution/Certainty,Certainty,SiteStratigraphy/SiteStratigraphicAttributions/LithostratigraphicAttributions/LithostratigraphicAttribution,4,SiteStratigraphy,LithostratigraphicAttributionsType,global (ref),xs:string,XML Schema built-in,simple,0,1,N,N,0,,"Degree of certainty associated with the date determination e.g. unknown, certain, uncertain, possibly, known wrong."
403,SiteStratigraphy/SiteStratigraphicAttributions/LithostratigraphicAttributions/LithostratigraphicAttribution/DatingQualifier,DatingQualifier,SiteStratigraphy/SiteStratigraphicAttributions/LithostratigraphicAttributions/LithostratigraphicAttribution,4,SiteStratigraphy,LithostratigraphicAttributionsType,global (ref),xs:string,XML Schema built-in,simple,0,1,N,N,0,,"Allows for qualification of date terms e.g. early/lower, middle, late/upper"
404,SiteStratigraphy/SiteStratigraphicAttributions/LithostratigraphicAttributions/LithostratigraphicAttribution/Identifiers,Identifiers,SiteStratigraphy/SiteStratigraphicAttributions/LithostratigraphicAttributions/LithostratigraphicAttribution,4,SiteStratigraphy,LithostratigraphicAttributionsType,local,efg:IdentifiersType,EFG named complexType,complex,0,1,N,N,0,,
405,SiteStratigraphy/SiteStratigraphicAttributions/LithostratigraphicAttributions/LithostratigraphicAttribution/Identifiers/Person,Person,SiteStratigraphy/SiteStratigraphicAttributions/LithostratigraphicAttributions/LithostratigraphicAttribution/Identifiers,5,SiteStratigraphy,IdentifiersType,local,abcd:PersonName,ABCD 2.06 (external),complex (ABCD),0,unbounded,N,Y,0,,Person type from the abcd schema
406,SiteStratigraphy/SiteStratigraphicAttributions/LithostratigraphicAttributions/LithostratigraphicAttribution/Identifiers/Organisation,Organisation,SiteStratigraphy/SiteStratigraphicAttributions/LithostratigraphicAttributions/LithostratigraphicAttribution/Identifiers,5,SiteStratigraphy,IdentifiersType,local,abcd:Organisation,ABCD 2.06 (external),complex (ABCD),0,unbounded,N,Y,0,,Organisation type from the abcd schema
407,SiteStratigraphy/SiteStratigraphicAttributions/LithostratigraphicAttributions/LithostratigraphicAttribution/StratigraphicMeasurementsOrFacts,StratigraphicMeasurementsOrFacts,SiteStratigraphy/SiteStratigraphicAttributions/LithostratigraphicAttributions/LithostratigraphicAttribution,4,SiteStratigraphy,LithostratigraphicAttributionsType,global (ref),(anonymous complexType),EFG inline,complex,0,1,N,N,0,,"Container element for multiple measurements (e.g. thickness, dip etc.) or facts (e.g. this bed was first identified by Charles Moore as the Reptile and Fish Bed from which he obtained Nothosaurus). This element contains the standard schema complex type MeasurementOrFact."
408,SiteStratigraphy/SiteStratigraphicAttributions/LithostratigraphicAttributions/LithostratigraphicAttribution/StratigraphicMeasurementsOrFacts/StratigraphicMeasurementOrFact,StratigraphicMeasurementOrFact,SiteStratigraphy/SiteStratigraphicAttributions/LithostratigraphicAttributions/LithostratigraphicAttribution/StratigraphicMeasurementsOrFacts,5,SiteStratigraphy,LithostratigraphicAttributionsType,local,abcd:MeasurementOrFact,ABCD 2.06 (external),complex (ABCD),1,unbounded,Y,Y,0,,Container for single instance of complex type MeasurementOrFact
409,SiteStratigraphy/SiteStratigraphicAttributions/BiostratigraphicAttributions,BiostratigraphicAttributions,SiteStratigraphy/SiteStratigraphicAttributions,2,SiteStratigraphy,StratigraphicAttributionsType,local,efg:BiostratigraphicAttributionsType,EFG named complexType,complex,0,1,N,N,0,,Container for optional multiple references to fossil zones e.g. where a range of zones and subzones might be represented.
410,SiteStratigraphy/SiteStratigraphicAttributions/BiostratigraphicAttributions/BiostratigraphicAttribution,BiostratigraphicAttribution,SiteStratigraphy/SiteStratigraphicAttributions/BiostratigraphicAttributions,3,SiteStratigraphy,BiostratigraphicAttributionsType,local,(anonymous complexType),EFG inline,complex,1,unbounded,Y,Y,0,,A single declaration of a fossil zone or subzone.
411,SiteStratigraphy/SiteStratigraphicAttributions/BiostratigraphicAttributions/BiostratigraphicAttribution/ZonalFossilType,ZonalFossilType,SiteStratigraphy/SiteStratigraphicAttributions/BiostratigraphicAttributions/BiostratigraphicAttribution,4,SiteStratigraphy,BiostratigraphicAttributionsType,local,xs:string,XML Schema built-in,simple,1,1,Y,N,0,,"What sort of biozone is being recorded? e.g. what animal or plant group is it based on? (ammonite, brachiopod,coral, plant, foram, nanoplankton etc.)"
412,SiteStratigraphy/SiteStratigraphicAttributions/BiostratigraphicAttributions/BiostratigraphicAttribution/FossilZoneName,FossilZoneName,SiteStratigraphy/SiteStratigraphicAttributions/BiostratigraphicAttributions/BiostratigraphicAttribution,4,SiteStratigraphy,BiostratigraphicAttributionsType,local,xs:string,XML Schema built-in,simple,1,1,Y,N,0,,The actual name of the biozone. Ideally this should be in its expanded form although common usage tends to abbreviate the generic epithet.
413,SiteStratigraphy/SiteStratigraphicAttributions/BiostratigraphicAttributions/BiostratigraphicAttribution/FossilSubzoneName,FossilSubzoneName,SiteStratigraphy/SiteStratigraphicAttributions/BiostratigraphicAttributions/BiostratigraphicAttribution,4,SiteStratigraphy,BiostratigraphicAttributionsType,local,xs:string,XML Schema built-in,simple,0,1,N,N,0,,"The subzone name, if any, this should ideally be in expanded form rather than abbreviated."
414,SiteStratigraphy/SiteStratigraphicAttributions/BiostratigraphicAttributions/BiostratigraphicAttribution/Certainty,Certainty,SiteStratigraphy/SiteStratigraphicAttributions/BiostratigraphicAttributions/BiostratigraphicAttribution,4,SiteStratigraphy,BiostratigraphicAttributionsType,global (ref),xs:string,XML Schema built-in,simple,0,1,N,N,0,,"Degree of certainty associated with the date determination e.g. unknown, certain, uncertain, possibly, known wrong."
415,SiteStratigraphy/SiteStratigraphicAttributions/BiostratigraphicAttributions/BiostratigraphicAttribution/RangePosition,RangePosition,SiteStratigraphy/SiteStratigraphicAttributions/BiostratigraphicAttributions/BiostratigraphicAttribution,4,SiteStratigraphy,BiostratigraphicAttributionsType,local,xs:string,XML Schema built-in,simple,0,1,N,N,0,,"Range position if this attribution is the earliest, midway or latest in a possible range. e.g. It is not always clear what zone a particular taxon belongs to and therefore a range may be needed."
416,SiteStratigraphy/SiteStratigraphicAttributions/BiostratigraphicAttributions/BiostratigraphicAttribution/DatingQualifier,DatingQualifier,SiteStratigraphy/SiteStratigraphicAttributions/BiostratigraphicAttributions/BiostratigraphicAttribution,4,SiteStratigraphy,BiostratigraphicAttributionsType,global (ref),xs:string,XML Schema built-in,simple,0,1,N,N,0,,"Allows for qualification of date terms e.g. early/lower, middle, late/upper"
417,SiteStratigraphy/SiteStratigraphicAttributions/BiostratigraphicAttributions/BiostratigraphicAttribution/Identifiers,Identifiers,SiteStratigraphy/SiteStratigraphicAttributions/BiostratigraphicAttributions/BiostratigraphicAttribution,4,SiteStratigraphy,BiostratigraphicAttributionsType,local,efg:IdentifiersType,EFG named complexType,complex,0,unbounded,N,Y,0,,
418,SiteStratigraphy/SiteStratigraphicAttributions/BiostratigraphicAttributions/BiostratigraphicAttribution/Identifiers/Person,Person,SiteStratigraphy/SiteStratigraphicAttributions/BiostratigraphicAttributions/BiostratigraphicAttribution/Identifiers,5,SiteStratigraphy,IdentifiersType,local,abcd:PersonName,ABCD 2.06 (external),complex (ABCD),0,unbounded,N,Y,0,,Person type from the abcd schema
419,SiteStratigraphy/SiteStratigraphicAttributions/BiostratigraphicAttributions/BiostratigraphicAttribution/Identifiers/Organisation,Organisation,SiteStratigraphy/SiteStratigraphicAttributions/BiostratigraphicAttributions/BiostratigraphicAttribution/Identifiers,5,SiteStratigraphy,IdentifiersType,local,abcd:Organisation,ABCD 2.06 (external),complex (ABCD),0,unbounded,N,Y,0,,Organisation type from the abcd schema
420,SiteStratigraphy/SiteStratigraphicAttributions/BiostratigraphicAttributions/BiostratigraphicAttribution/StratigraphicMeasurementsOrFacts,StratigraphicMeasurementsOrFacts,SiteStratigraphy/SiteStratigraphicAttributions/BiostratigraphicAttributions/BiostratigraphicAttribution,4,SiteStratigraphy,BiostratigraphicAttributionsType,global (ref),(anonymous complexType),EFG inline,complex,0,1,N,N,0,,"Container element for multiple measurements (e.g. thickness, dip etc.) or facts (e.g. this bed was first identified by Charles Moore as the Reptile and Fish Bed from which he obtained Nothosaurus). This element contains the standard schema complex type MeasurementOrFact."
421,SiteStratigraphy/SiteStratigraphicAttributions/BiostratigraphicAttributions/BiostratigraphicAttribution/StratigraphicMeasurementsOrFacts/StratigraphicMeasurementOrFact,StratigraphicMeasurementOrFact,SiteStratigraphy/SiteStratigraphicAttributions/BiostratigraphicAttributions/BiostratigraphicAttribution/StratigraphicMeasurementsOrFacts,5,SiteStratigraphy,BiostratigraphicAttributionsType,local,abcd:MeasurementOrFact,ABCD 2.06 (external),complex (ABCD),1,unbounded,Y,Y,0,,Container for single instance of complex type MeasurementOrFact
422,SiteStratigraphy/SiteStratigraphicAttributions/MagnetostratigraphicDeterminations,MagnetostratigraphicDeterminations,SiteStratigraphy/SiteStratigraphicAttributions,2,SiteStratigraphy,StratigraphicAttributionsType,local,efg:MagnetostratigraphicDeterminationsType,EFG named complexType,complex,0,1,N,N,0,,"Container for details of any magnetostratigraphic evidence cited to support the dating of rocks. Magnetostratigraphy uses a range of readings over a sequence of rocks to provide a pattern that is correlated with known dated sequences. It includes its own series of divisions including superchrons, chrons and subchrons."
423,SiteStratigraphy/SiteStratigraphicAttributions/MagnetostratigraphicDeterminations/MagnetostratigraphicDetermination,MagnetostratigraphicDetermination,SiteStratigraphy/SiteStratigraphicAttributions/MagnetostratigraphicDeterminations,3,SiteStratigraphy,MagnetostratigraphicDeterminationsType,local,(anonymous complexType),EFG inline,complex,1,unbounded,Y,Y,0,,Single record of magnetostratigraphic dating
424,SiteStratigraphy/SiteStratigraphicAttributions/MagnetostratigraphicDeterminations/MagnetostratigraphicDetermination/PolaritySuperchron,PolaritySuperchron,SiteStratigraphy/SiteStratigraphicAttributions/MagnetostratigraphicDeterminations/MagnetostratigraphicDetermination,4,SiteStratigraphy,MagnetostratigraphicDeterminationsType,local,xs:string,XML Schema built-in,simple,0,1,N,N,0,,largest division of magnetostratigraphic terms
425,SiteStratigraphy/SiteStratigraphicAttributions/MagnetostratigraphicDeterminations/MagnetostratigraphicDetermination/PolarityChron,PolarityChron,SiteStratigraphy/SiteStratigraphicAttributions/MagnetostratigraphicDeterminations/MagnetostratigraphicDetermination,4,SiteStratigraphy,MagnetostratigraphicDeterminationsType,local,xs:string,XML Schema built-in,simple,0,1,N,N,0,,Reference to numerical scheme for labelling time divisions based on magnetic anomalies and reversals
426,SiteStratigraphy/SiteStratigraphicAttributions/MagnetostratigraphicDeterminations/MagnetostratigraphicDetermination/PolaritySubchron,PolaritySubchron,SiteStratigraphy/SiteStratigraphicAttributions/MagnetostratigraphicDeterminations/MagnetostratigraphicDetermination,4,SiteStratigraphy,MagnetostratigraphicDeterminationsType,local,xs:string,XML Schema built-in,simple,0,1,N,N,0,,Any named subdivision of a Polarity Chron
427,SiteStratigraphy/SiteStratigraphicAttributions/MagnetostratigraphicDeterminations/MagnetostratigraphicDetermination/MagnetostratigraphicDetail,MagnetostratigraphicDetail,SiteStratigraphy/SiteStratigraphicAttributions/MagnetostratigraphicDeterminations/MagnetostratigraphicDetermination,4,SiteStratigraphy,MagnetostratigraphicDeterminationsType,local,xs:string,XML Schema built-in,simple,0,1,N,N,0,,Free text describing the use of magnetostratigraphic correlation.
428,SiteStratigraphy/SiteStratigraphicAttributions/MagnetostratigraphicDeterminations/MagnetostratigraphicDetermination/AnalysisDateTime,AnalysisDateTime,SiteStratigraphy/SiteStratigraphicAttributions/MagnetostratigraphicDeterminations/MagnetostratigraphicDetermination,4,SiteStratigraphy,MagnetostratigraphicDeterminationsType,global (ref),(anonymous complexType),EFG inline,complex,0,1,N,N,0,,When the analysis was carried out
429,SiteStratigraphy/SiteStratigraphicAttributions/MagnetostratigraphicDeterminations/MagnetostratigraphicDetermination/AnalysisDateTime/ExactDate,ExactDate,SiteStratigraphy/SiteStratigraphicAttributions/MagnetostratigraphicDeterminations/MagnetostratigraphicDetermination/AnalysisDateTime,5,SiteStratigraphy,MagnetostratigraphicDeterminationsType,local,abcd:DateTime,ABCD 2.06 (external),complex (ABCD),0,1,N,N,0,,Uses DateTime element from ABCD
430,SiteStratigraphy/SiteStratigraphicAttributions/MagnetostratigraphicDeterminations/MagnetostratigraphicDetermination/AnalysisDateTime/DateText,DateText,SiteStratigraphy/SiteStratigraphicAttributions/MagnetostratigraphicDeterminations/MagnetostratigraphicDetermination/AnalysisDateTime,5,SiteStratigraphy,MagnetostratigraphicDeterminationsType,local,xs:string,XML Schema built-in,simple,0,1,N,N,0,,Free text to allow for vague dates or description of analysis period.
431,SiteStratigraphy/SiteStratigraphicAttributions/MagnetostratigraphicDeterminations/MagnetostratigraphicDetermination/Certainty,Certainty,SiteStratigraphy/SiteStratigraphicAttributions/MagnetostratigraphicDeterminations/MagnetostratigraphicDetermination,4,SiteStratigraphy,MagnetostratigraphicDeterminationsType,global (ref),xs:string,XML Schema built-in,simple,0,1,N,N,0,,"Degree of certainty associated with the date determination e.g. unknown, certain, uncertain, possibly, known wrong."
432,SiteStratigraphy/SiteStratigraphicAttributions/MagnetostratigraphicDeterminations/MagnetostratigraphicDetermination/DatingQualifier,DatingQualifier,SiteStratigraphy/SiteStratigraphicAttributions/MagnetostratigraphicDeterminations/MagnetostratigraphicDetermination,4,SiteStratigraphy,MagnetostratigraphicDeterminationsType,global (ref),xs:string,XML Schema built-in,simple,0,1,N,N,0,,"Allows for qualification of date terms e.g. early/lower, middle, late/upper"
433,SiteStratigraphy/SiteStratigraphicAttributions/MagnetostratigraphicDeterminations/MagnetostratigraphicDetermination/Identifiers,Identifiers,SiteStratigraphy/SiteStratigraphicAttributions/MagnetostratigraphicDeterminations/MagnetostratigraphicDetermination,4,SiteStratigraphy,MagnetostratigraphicDeterminationsType,local,efg:IdentifiersType,EFG named complexType,complex,0,1,N,N,0,,
434,SiteStratigraphy/SiteStratigraphicAttributions/MagnetostratigraphicDeterminations/MagnetostratigraphicDetermination/Identifiers/Person,Person,SiteStratigraphy/SiteStratigraphicAttributions/MagnetostratigraphicDeterminations/MagnetostratigraphicDetermination/Identifiers,5,SiteStratigraphy,IdentifiersType,local,abcd:PersonName,ABCD 2.06 (external),complex (ABCD),0,unbounded,N,Y,0,,Person type from the abcd schema
435,SiteStratigraphy/SiteStratigraphicAttributions/MagnetostratigraphicDeterminations/MagnetostratigraphicDetermination/Identifiers/Organisation,Organisation,SiteStratigraphy/SiteStratigraphicAttributions/MagnetostratigraphicDeterminations/MagnetostratigraphicDetermination/Identifiers,5,SiteStratigraphy,IdentifiersType,local,abcd:Organisation,ABCD 2.06 (external),complex (ABCD),0,unbounded,N,Y,0,,Organisation type from the abcd schema
436,SiteStratigraphy/SiteStratigraphicAttributions/MagnetostratigraphicDeterminations/MagnetostratigraphicDetermination/AnalysisReferences,AnalysisReferences,SiteStratigraphy/SiteStratigraphicAttributions/MagnetostratigraphicDeterminations/MagnetostratigraphicDetermination,4,SiteStratigraphy,MagnetostratigraphicDeterminationsType,global (ref),(anonymous complexType),EFG inline,complex,0,unbounded,N,Y,0,,Container for 1 or more references related to the analysis
437,SiteStratigraphy/SiteStratigraphicAttributions/MagnetostratigraphicDeterminations/MagnetostratigraphicDetermination/AnalysisReferences/AnalysisReference,AnalysisReference,SiteStratigraphy/SiteStratigraphicAttributions/MagnetostratigraphicDeterminations/MagnetostratigraphicDetermination/AnalysisReferences,5,SiteStratigraphy,MagnetostratigraphicDeterminationsType,local,abcd:Reference,ABCD 2.06 (external),complex (ABCD),1,unbounded,Y,Y,0,,Individual documentary reference linked to an analysis. Uses abcd:Reference Type
438,SiteStratigraphy/SiteStratigraphicAttributions/IsotopeStratigraphicDeterminations,IsotopeStratigraphicDeterminations,SiteStratigraphy/SiteStratigraphicAttributions,2,SiteStratigraphy,StratigraphicAttributionsType,local,efg:IsotopeStratigraphicDeterminationsType,EFG named complexType,complex,0,1,N,N,0,,Container for detail referring to any isotope concentration study. Isotope stratigraphy uses a range of readings over a sequence of rocks to create profiles that are correlated with dated sequences.
439,SiteStratigraphy/SiteStratigraphicAttributions/IsotopeStratigraphicDeterminations/IsotopeStratigraphicDetermination,IsotopeStratigraphicDetermination,SiteStratigraphy/SiteStratigraphicAttributions/IsotopeStratigraphicDeterminations,3,SiteStratigraphy,IsotopeStratigraphicDeterminationsType,local,(anonymous complexType),EFG inline,complex,1,unbounded,Y,Y,0,,Single record of an isotope stratigraphic determination
440,SiteStratigraphy/SiteStratigraphicAttributions/IsotopeStratigraphicDeterminations/IsotopeStratigraphicDetermination/IsotopesMeasured,IsotopesMeasured,SiteStratigraphy/SiteStratigraphicAttributions/IsotopeStratigraphicDeterminations/IsotopeStratigraphicDetermination,4,SiteStratigraphy,IsotopeStratigraphicDeterminationsType,local,xs:string,XML Schema built-in,simple,1,1,Y,N,0,,"What isotopes were used for this correlation e.g. Oxygen, Strontium, Carbon or more specific (O18/O16)"
441,SiteStratigraphy/SiteStratigraphicAttributions/IsotopeStratigraphicDeterminations/IsotopeStratigraphicDetermination/IsotopeStratigraphicDetail,IsotopeStratigraphicDetail,SiteStratigraphy/SiteStratigraphicAttributions/IsotopeStratigraphicDeterminations/IsotopeStratigraphicDetermination,4,SiteStratigraphy,IsotopeStratigraphicDeterminationsType,local,xs:string,XML Schema built-in,simple,1,1,Y,N,0,,Free text describing the isotope correlation result.
442,SiteStratigraphy/SiteStratigraphicAttributions/IsotopeStratigraphicDeterminations/IsotopeStratigraphicDetermination/AnalysisDateTime,AnalysisDateTime,SiteStratigraphy/SiteStratigraphicAttributions/IsotopeStratigraphicDeterminations/IsotopeStratigraphicDetermination,4,SiteStratigraphy,IsotopeStratigraphicDeterminationsType,global (ref),(anonymous complexType),EFG inline,complex,0,1,N,N,0,,When the analysis was carried out
443,SiteStratigraphy/SiteStratigraphicAttributions/IsotopeStratigraphicDeterminations/IsotopeStratigraphicDetermination/AnalysisDateTime/ExactDate,ExactDate,SiteStratigraphy/SiteStratigraphicAttributions/IsotopeStratigraphicDeterminations/IsotopeStratigraphicDetermination/AnalysisDateTime,5,SiteStratigraphy,IsotopeStratigraphicDeterminationsType,local,abcd:DateTime,ABCD 2.06 (external),complex (ABCD),0,1,N,N,0,,Uses DateTime element from ABCD
444,SiteStratigraphy/SiteStratigraphicAttributions/IsotopeStratigraphicDeterminations/IsotopeStratigraphicDetermination/AnalysisDateTime/DateText,DateText,SiteStratigraphy/SiteStratigraphicAttributions/IsotopeStratigraphicDeterminations/IsotopeStratigraphicDetermination/AnalysisDateTime,5,SiteStratigraphy,IsotopeStratigraphicDeterminationsType,local,xs:string,XML Schema built-in,simple,0,1,N,N,0,,Free text to allow for vague dates or description of analysis period.
445,SiteStratigraphy/SiteStratigraphicAttributions/IsotopeStratigraphicDeterminations/IsotopeStratigraphicDetermination/Certainty,Certainty,SiteStratigraphy/SiteStratigraphicAttributions/IsotopeStratigraphicDeterminations/IsotopeStratigraphicDetermination,4,SiteStratigraphy,IsotopeStratigraphicDeterminationsType,global (ref),xs:string,XML Schema built-in,simple,0,1,N,N,0,,"Degree of certainty associated with the date determination e.g. unknown, certain, uncertain, possibly, known wrong."
446,SiteStratigraphy/SiteStratigraphicAttributions/IsotopeStratigraphicDeterminations/IsotopeStratigraphicDetermination/DatingQualifier,DatingQualifier,SiteStratigraphy/SiteStratigraphicAttributions/IsotopeStratigraphicDeterminations/IsotopeStratigraphicDetermination,4,SiteStratigraphy,IsotopeStratigraphicDeterminationsType,global (ref),xs:string,XML Schema built-in,simple,0,1,N,N,0,,"Allows for qualification of date terms e.g. early/lower, middle, late/upper"
447,SiteStratigraphy/SiteStratigraphicAttributions/IsotopeStratigraphicDeterminations/IsotopeStratigraphicDetermination/Identifiers,Identifiers,SiteStratigraphy/SiteStratigraphicAttributions/IsotopeStratigraphicDeterminations/IsotopeStratigraphicDetermination,4,SiteStratigraphy,IsotopeStratigraphicDeterminationsType,local,efg:IdentifiersType,EFG named complexType,complex,0,1,N,N,0,,
448,SiteStratigraphy/SiteStratigraphicAttributions/IsotopeStratigraphicDeterminations/IsotopeStratigraphicDetermination/Identifiers/Person,Person,SiteStratigraphy/SiteStratigraphicAttributions/IsotopeStratigraphicDeterminations/IsotopeStratigraphicDetermination/Identifiers,5,SiteStratigraphy,IdentifiersType,local,abcd:PersonName,ABCD 2.06 (external),complex (ABCD),0,unbounded,N,Y,0,,Person type from the abcd schema
449,SiteStratigraphy/SiteStratigraphicAttributions/IsotopeStratigraphicDeterminations/IsotopeStratigraphicDetermination/Identifiers/Organisation,Organisation,SiteStratigraphy/SiteStratigraphicAttributions/IsotopeStratigraphicDeterminations/IsotopeStratigraphicDetermination/Identifiers,5,SiteStratigraphy,IdentifiersType,local,abcd:Organisation,ABCD 2.06 (external),complex (ABCD),0,unbounded,N,Y,0,,Organisation type from the abcd schema
450,SiteStratigraphy/SiteStratigraphicAttributions/IsotopeStratigraphicDeterminations/IsotopeStratigraphicDetermination/AnalysisReferences,AnalysisReferences,SiteStratigraphy/SiteStratigraphicAttributions/IsotopeStratigraphicDeterminations/IsotopeStratigraphicDetermination,4,SiteStratigraphy,IsotopeStratigraphicDeterminationsType,global (ref),(anonymous complexType),EFG inline,complex,0,1,N,N,0,,Container for 1 or more references related to the analysis
451,SiteStratigraphy/SiteStratigraphicAttributions/IsotopeStratigraphicDeterminations/IsotopeStratigraphicDetermination/AnalysisReferences/AnalysisReference,AnalysisReference,SiteStratigraphy/SiteStratigraphicAttributions/IsotopeStratigraphicDeterminations/IsotopeStratigraphicDetermination/AnalysisReferences,5,SiteStratigraphy,IsotopeStratigraphicDeterminationsType,local,abcd:Reference,ABCD 2.06 (external),complex (ABCD),1,unbounded,Y,Y,0,,Individual documentary reference linked to an analysis. Uses abcd:Reference Type
452,SiteStratigraphy/SiteStratigraphicAttributions/RadiometricDates,RadiometricDates,SiteStratigraphy/SiteStratigraphicAttributions,2,SiteStratigraphy,StratigraphicAttributionsType,local,efg:RadiometricDatesType,EFG named complexType,complex,0,1,N,N,0,,Container for absolute dates obtained from radiometric analysis.
453,SiteStratigraphy/SiteStratigraphicAttributions/RadiometricDates/RadiometricDate,RadiometricDate,SiteStratigraphy/SiteStratigraphicAttributions/RadiometricDates,3,SiteStratigraphy,RadiometricDatesType,local,(anonymous complexType),EFG inline,complex,1,unbounded,Y,Y,0,,Container for a single radiometric date analysis
454,SiteStratigraphy/SiteStratigraphicAttributions/RadiometricDates/RadiometricDate/RadiometricDatingMethod,RadiometricDatingMethod,SiteStratigraphy/SiteStratigraphicAttributions/RadiometricDates/RadiometricDate,4,SiteStratigraphy,RadiometricDatesType,local,xs:string,XML Schema built-in,simple,1,1,Y,N,0,,"Method, analysis technique used to determine date e.g. radiocarbon, Potassium-Argon etc."
455,SiteStratigraphy/SiteStratigraphicAttributions/RadiometricDates/RadiometricDate/MaterialDated,MaterialDated,SiteStratigraphy/SiteStratigraphicAttributions/RadiometricDates/RadiometricDate,4,SiteStratigraphy,RadiometricDatesType,local,xs:string,XML Schema built-in,simple,0,1,N,N,0,,"What was actually dated? e.g. Glauconite grains in a sandstone, wood from peat-core etc."
456,SiteStratigraphy/SiteStratigraphicAttributions/RadiometricDates/RadiometricDate/EarliestDate,EarliestDate,SiteStratigraphy/SiteStratigraphicAttributions/RadiometricDates/RadiometricDate,4,SiteStratigraphy,RadiometricDatesType,local,xs:string,XML Schema built-in,simple,1,1,Y,N,0,,The earliest date in a date range suggested by the analysis or the single date if only one is given
457,SiteStratigraphy/SiteStratigraphicAttributions/RadiometricDates/RadiometricDate/LatestDate,LatestDate,SiteStratigraphy/SiteStratigraphicAttributions/RadiometricDates/RadiometricDate,4,SiteStratigraphy,RadiometricDatesType,local,xs:string,XML Schema built-in,simple,0,1,N,N,0,,The latest date where a range of values is given
458,SiteStratigraphy/SiteStratigraphicAttributions/RadiometricDates/RadiometricDate/TimeUnit,TimeUnit,SiteStratigraphy/SiteStratigraphicAttributions/RadiometricDates/RadiometricDate,4,SiteStratigraphy,RadiometricDatesType,local,xs:string,XML Schema built-in,simple,1,1,Y,N,0,,The time units being measured or how the numbers are expressed e.g. millions of years B.P. or thousands of years B.C.
459,SiteStratigraphy/SiteStratigraphicAttributions/RadiometricDates/RadiometricDate/DatingAccuracy,DatingAccuracy,SiteStratigraphy/SiteStratigraphicAttributions/RadiometricDates/RadiometricDate,4,SiteStratigraphy,RadiometricDatesType,local,xs:string,XML Schema built-in,simple,0,1,N,N,0,,The degree of certainty or likely accuracy of the dating analysis e.g. +/- 1 m.y.
460,SiteStratigraphy/SiteStratigraphicAttributions/RadiometricDates/RadiometricDate/DatingComment,DatingComment,SiteStratigraphy/SiteStratigraphicAttributions/RadiometricDates/RadiometricDate,4,SiteStratigraphy,RadiometricDatesType,local,xs:string,XML Schema built-in,simple,0,1,N,N,0,,Free text description of the anlysis or its result.
461,SiteStratigraphy/SiteStratigraphicAttributions/RadiometricDates/RadiometricDate/AnalysisDateTime,AnalysisDateTime,SiteStratigraphy/SiteStratigraphicAttributions/RadiometricDates/RadiometricDate,4,SiteStratigraphy,RadiometricDatesType,global (ref),(anonymous complexType),EFG inline,complex,0,1,N,N,0,,When the analysis was carried out
462,SiteStratigraphy/SiteStratigraphicAttributions/RadiometricDates/RadiometricDate/AnalysisDateTime/ExactDate,ExactDate,SiteStratigraphy/SiteStratigraphicAttributions/RadiometricDates/RadiometricDate/AnalysisDateTime,5,SiteStratigraphy,RadiometricDatesType,local,abcd:DateTime,ABCD 2.06 (external),complex (ABCD),0,1,N,N,0,,Uses DateTime element from ABCD
463,SiteStratigraphy/SiteStratigraphicAttributions/RadiometricDates/RadiometricDate/AnalysisDateTime/DateText,DateText,SiteStratigraphy/SiteStratigraphicAttributions/RadiometricDates/RadiometricDate/AnalysisDateTime,5,SiteStratigraphy,RadiometricDatesType,local,xs:string,XML Schema built-in,simple,0,1,N,N,0,,Free text to allow for vague dates or description of analysis period.
464,SiteStratigraphy/SiteStratigraphicAttributions/RadiometricDates/RadiometricDate/Identifiers,Identifiers,SiteStratigraphy/SiteStratigraphicAttributions/RadiometricDates/RadiometricDate,4,SiteStratigraphy,RadiometricDatesType,local,efg:IdentifiersType,EFG named complexType,complex,0,1,N,N,0,,
465,SiteStratigraphy/SiteStratigraphicAttributions/RadiometricDates/RadiometricDate/Identifiers/Person,Person,SiteStratigraphy/SiteStratigraphicAttributions/RadiometricDates/RadiometricDate/Identifiers,5,SiteStratigraphy,IdentifiersType,local,abcd:PersonName,ABCD 2.06 (external),complex (ABCD),0,unbounded,N,Y,0,,Person type from the abcd schema
466,SiteStratigraphy/SiteStratigraphicAttributions/RadiometricDates/RadiometricDate/Identifiers/Organisation,Organisation,SiteStratigraphy/SiteStratigraphicAttributions/RadiometricDates/RadiometricDate/Identifiers,5,SiteStratigraphy,IdentifiersType,local,abcd:Organisation,ABCD 2.06 (external),complex (ABCD),0,unbounded,N,Y,0,,Organisation type from the abcd schema
467,SiteStratigraphy/SiteStratigraphicAttributions/RadiometricDates/RadiometricDate/AnalysisReferences,AnalysisReferences,SiteStratigraphy/SiteStratigraphicAttributions/RadiometricDates/RadiometricDate,4,SiteStratigraphy,RadiometricDatesType,global (ref),(anonymous complexType),EFG inline,complex,0,1,N,N,0,,Container for 1 or more references related to the analysis
468,SiteStratigraphy/SiteStratigraphicAttributions/RadiometricDates/RadiometricDate/AnalysisReferences/AnalysisReference,AnalysisReference,SiteStratigraphy/SiteStratigraphicAttributions/RadiometricDates/RadiometricDate/AnalysisReferences,5,SiteStratigraphy,RadiometricDatesType,local,abcd:Reference,ABCD 2.06 (external),complex (ABCD),1,unbounded,Y,Y,0,,Individual documentary reference linked to an analysis. Uses abcd:Reference Type
469,SiteStratigraphy/SiteStratigraphicAttributions/PositionInSequence,PositionInSequence,SiteStratigraphy/SiteStratigraphicAttributions,2,SiteStratigraphy,StratigraphicAttributionsType,local,xs:string,XML Schema built-in,simple,0,1,N,N,0,,The position this stratigraphic 'unit' has in the sequence for the site. e.g. a bed number
470,SiteStratigraphy/StratigraphyComment,StratigraphyComment,SiteStratigraphy,1,SiteStratigraphy,SiteStratigraphyType,local,xs:string,XML Schema built-in,simple,0,1,N,N,0,,"Free text for describing the stratigraphic context, correlation or similar notes"
471,SiteStratigraphy/StratigraphicReferences,StratigraphicReferences,SiteStratigraphy,1,SiteStratigraphy,SiteStratigraphyType,local,(anonymous complexType),EFG inline,complex,0,1,N,N,0,,Container for complex type Reference. There may be more than one reference describing the stratigraphy.
472,SiteStratigraphy/StratigraphicReferences/StratigraphicReference,StratigraphicReference,SiteStratigraphy/StratigraphicReferences,2,SiteStratigraphy,SiteStratigraphyType,local,abcd:Reference,ABCD 2.06 (external),complex (ABCD),1,unbounded,Y,Y,0,,Complex type for individual reference pertaining to stratigraphy uses abcd:Reference type
473,SiteStratigraphy/TectonicSetting,TectonicSetting,SiteStratigraphy,1,SiteStratigraphy,SiteStratigraphyType,local,xs:string,XML Schema built-in,simple,0,1,N,N,0,,"Free text description of the relationship of the observed stratigraphy to its tectonic context e.g. sequence stratigraphy related to basin development and eustatic change, syn-tectonic stratigraphy related to plate movements and orogenesis."
474,SiteStratigraphy/SequenceStratigraphicSetting,SequenceStratigraphicSetting,SiteStratigraphy,1,SiteStratigraphy,SiteStratigraphyType,local,xs:string (restricted),EFG inline simpleType,simple,0,1,N,N,9,highstand systems tract | lowstand systems tract | maximum flooding surface | parasequence boundary | regressive | sequence boundary | transgressive | transgressive surface | transgressive systems tract,Keyword for position in sequence stratigraphy setting. Enumerated list.
475,SiteStratigraphy/SiteSections,SiteSections,SiteStratigraphy,1,SiteStratigraphy,SiteStratigraphyType,local,efg:StratigraphicSectionType,EFG named complexType,complex,0,1,N,N,0,,Measured section or borehole record associated with the gathering site.
476,SiteStratigraphy/SiteSections/SectionName,SectionName,SiteStratigraphy/SiteSections,2,SiteStratigraphy,StratigraphicSectionType,local,xs:string,XML Schema built-in,simple,0,1,N,N,0,,"The name for the section e.g. Vallis Vale, Hapsford Bridge Section or it could be a borehole unique name. This may be different from the locality name."
477,SiteStratigraphy/SiteSections/SectionIDNumber,SectionIDNumber,SiteStratigraphy/SiteSections,2,SiteStratigraphy,StratigraphicSectionType,local,xs:string,XML Schema built-in,simple,0,1,N,N,0,,"Unique identifying code or number for this section, borehole or well"
478,SiteStratigraphy/SiteSections/TotalLengthOfSection,TotalLengthOfSection,SiteStratigraphy/SiteSections,2,SiteStratigraphy,StratigraphicSectionType,local,xs:string,XML Schema built-in,simple,0,1,N,N,0,,The length of the named section in meters
479,SiteStratigraphy/SiteSections/TotalThicknessMeasured,TotalThicknessMeasured,SiteStratigraphy/SiteSections,2,SiteStratigraphy,StratigraphicSectionType,local,xs:string,XML Schema built-in,simple,0,1,N,N,0,,The total thickness of strata or rock exposed in the section or borehole
480,SiteStratigraphy/SiteSections/SectionLog,SectionLog,SiteStratigraphy/SiteSections,2,SiteStratigraphy,StratigraphicSectionType,local,(anonymous complexType),EFG inline,complex,1,1,Y,N,0,,"Container for the layer by layer description of the section, borehole or well. The layers or subdivisions are referred as SectionUnits - these represent layers, strata, beds, ore bodies, intrusive bodies etc. that might be recorded in a section or borehole. A SectionUnit or layer is also regarded as that which is recorded as a coherent sub-unit of the whole section or borehole. It may therefore be a single bed, a series of beds with similar characteristics or an unlayered body such as an igneous intrusion."
481,SiteStratigraphy/SiteSections/SectionLog/SectionUnitNumber,SectionUnitNumber,SiteStratigraphy/SiteSections/SectionLog,3,SiteStratigraphy,StratigraphicSectionType,local,xs:string,XML Schema built-in,simple,0,1,N,N,0,,"Either a numerical identifier used for sorting the sequence or a UnitFieldNumber. A sectionunit could be a bed, a layer, an intrusive body or anything else encountered in a section or borehole."
482,SiteStratigraphy/SiteSections/SectionLog/NumberOfSubUnits,NumberOfSubUnits,SiteStratigraphy/SiteSections/SectionLog,3,SiteStratigraphy,StratigraphicSectionType,local,xs:string,XML Schema built-in,simple,0,1,N,N,0,,Where the described sectionunit or 'layer' is represented by more than one similar unit e.g. a sequence of thin limestone beds with shale intercalations recorded as a single unit (layer)
483,SiteStratigraphy/SiteSections/SectionLog/SectionUnitDescriptiveText,SectionUnitDescriptiveText,SiteStratigraphy/SiteSections/SectionLog,3,SiteStratigraphy,StratigraphicSectionType,local,xs:string,XML Schema built-in,simple,0,1,N,N,0,,"Free text description of the layer, stratum or rock body"
484,SiteStratigraphy/SiteSections/SectionLog/DipDegrees,DipDegrees,SiteStratigraphy/SiteSections/SectionLog,3,SiteStratigraphy,StratigraphicSectionType,local,xs:string,XML Schema built-in,simple,0,1,N,N,0,,The dip in degrees of laminae or stratal surfaces in this layer
485,SiteStratigraphy/SiteSections/SectionLog/Strike,Strike,SiteStratigraphy/SiteSections/SectionLog,3,SiteStratigraphy,StratigraphicSectionType,local,xs:string,XML Schema built-in,simple,0,1,N,N,0,,Direction of strike measured on stratal surface
486,SiteStratigraphy/SiteSections/SectionLog/MeasureFromBaseline,MeasureFromBaseline,SiteStratigraphy/SiteSections/SectionLog,3,SiteStratigraphy,StratigraphicSectionType,local,(anonymous complexType),EFG inline,complex,0,1,N,N,0,,Container for recording eith the distance (in metres) from a fixed baseline e.g. top of a borehole or bottom of a measured section
487,SiteStratigraphy/SiteSections/SectionLog/MeasureFromBaseline/SectionUnitDatum,SectionUnitDatum,SiteStratigraphy/SiteSections/SectionLog/MeasureFromBaseline,4,SiteStratigraphy,StratigraphicSectionType,local,xs:string,XML Schema built-in,simple,1,1,Y,N,0,,Text for where the measurement is taken e.g. top of bed or bottom of bed.
488,SiteStratigraphy/SiteSections/SectionLog/MeasureFromBaseline/BaselineDatum,BaselineDatum,SiteStratigraphy/SiteSections/SectionLog/MeasureFromBaseline,4,SiteStratigraphy,StratigraphicSectionType,local,xs:string,XML Schema built-in,simple,1,1,Y,N,0,,Text - what is the baseline e.g. top of borehole or base of measured section
489,SiteStratigraphy/SiteSections/SectionLog/MeasureFromBaseline/DistanceFromBaseline,DistanceFromBaseline,SiteStratigraphy/SiteSections/SectionLog/MeasureFromBaseline,4,SiteStratigraphy,StratigraphicSectionType,local,xs:float,XML Schema built-in,simple,1,1,Y,N,0,,Number representing distance measured
490,SiteStratigraphy/SiteSections/SectionLog/MeasureFromBaseline/MeasurementUnit,MeasurementUnit,SiteStratigraphy/SiteSections/SectionLog/MeasureFromBaseline,4,SiteStratigraphy,StratigraphicSectionType,local,xs:string,XML Schema built-in,simple,1,1,Y,N,0,,Units that DistanceFromBaseline are measured in e.g. metres
491,SiteStratigraphy/SiteSections/SectionLog/RockUnit,RockUnit,SiteStratigraphy/SiteSections/SectionLog,3,SiteStratigraphy,StratigraphicSectionType,local,efg:RockUnitType,EFG named complexType,complex,0,1,N,N,0,,Container element for attributes restricted to rocks
492,SiteStratigraphy/SiteSections/SectionLog/RockUnit/RockType,RockType,SiteStratigraphy/SiteSections/SectionLog/RockUnit,4,SiteStratigraphy,RockUnitType,local,xs:string (restricted),EFG inline simpleType,simple,1,unbounded,Y,Y,23,carbonaceous | carbonate | clastic | evaporite | fault rock | gneiss | high-grade metamorphic | hornfels | igneous | igneous extrusive | igneous intrusive | low-grade metamorphic | metamorphic | metasomatic | meteorite | migmatite | mylomite | plutonic intrusive | sedimentary | schist | slate | vein / pegmatite | volcaniclastic,"For simple classification e.g. igneous, metamorphic, sedimentary or meteorite - enumeration list is provisional!"
493,SiteStratigraphy/SiteSections/SectionLog/RockUnit/RockPhysicalCharacteristics,RockPhysicalCharacteristics,SiteStratigraphy/SiteSections/SectionLog/RockUnit,4,SiteStratigraphy,RockUnitType,local,abcd:MeasurementOrFact,ABCD 2.06 (external),complex (ABCD),0,unbounded,N,Y,0,,"Container for descriptive terms and measurements related to rocks e.g. grain size, grain sphericity, crystal sizes and orientations, laminations etc."
494,SiteStratigraphy/SiteSections/SectionLog/RockUnit/Petrology,Petrology,SiteStratigraphy/SiteSections/SectionLog/RockUnit,4,SiteStratigraphy,RockUnitType,local,(anonymous complexType),EFG inline,complex,0,1,N,N,0,,Container for petrographic descriptions related to a rock or mineral unit
495,SiteStratigraphy/SiteSections/SectionLog/RockUnit/Petrology/PetrologyDescriptiveText,PetrologyDescriptiveText,SiteStratigraphy/SiteSections/SectionLog/RockUnit/Petrology,5,SiteStratigraphy,RockUnitType,local,xs:string,XML Schema built-in,simple,0,1,N,N,0,,Free text element for petrographic description of the associated rock or mineral unit.
496,SiteStratigraphy/SiteSections/SectionLog/RockUnit/Petrology/Petrologicalanalyses,Petrologicalanalyses,SiteStratigraphy/SiteSections/SectionLog/RockUnit/Petrology,5,SiteStratigraphy,RockUnitType,local,(anonymous complexType),EFG inline,complex,0,1,N,N,0,,Container element for one or morre sets of analytical results relating to the petrogenesis of a rock unit.
497,SiteStratigraphy/SiteSections/SectionLog/RockUnit/Petrology/Petrologicalanalyses/PetrologicalAnalysis,PetrologicalAnalysis,SiteStratigraphy/SiteSections/SectionLog/RockUnit/Petrology/Petrologicalanalyses,6,SiteStratigraphy,RockUnitType,local,(anonymous complexType),EFG inline,complex,1,unbounded,Y,Y,0,,Container for a single analysis related to the petrogenesis of a rock unit
498,SiteStratigraphy/SiteSections/SectionLog/RockUnit/Petrology/Petrologicalanalyses/PetrologicalAnalysis/PerologicalAnalysisComment,PerologicalAnalysisComment,SiteStratigraphy/SiteSections/SectionLog/RockUnit/Petrology/Petrologicalanalyses/PetrologicalAnalysis,7,SiteStratigraphy,RockUnitType,local,xs:string,XML Schema built-in,simple,0,1,N,N,0,,Free text element describing a petrological analysis or its results
499,SiteStratigraphy/SiteSections/SectionLog/RockUnit/Petrology/Petrologicalanalyses/PetrologicalAnalysis/PetrologicalAnalysisAtomised,PetrologicalAnalysisAtomised,SiteStratigraphy/SiteSections/SectionLog/RockUnit/Petrology/Petrologicalanalyses/PetrologicalAnalysis,7,SiteStratigraphy,RockUnitType,local,efg:AnalysisAtomisedType,EFG named complexType,complex,0,1,N,N,0,,
500,SiteStratigraphy/SiteSections/SectionLog/RockUnit/Petrology/Petrologicalanalyses/PetrologicalAnalysis/PetrologicalAnalysisAtomised/AnalysisMethod,AnalysisMethod,SiteStratigraphy/SiteSections/SectionLog/RockUnit/Petrology/Petrologicalanalyses/PetrologicalAnalysis/PetrologicalAnalysisAtomised,8,SiteStratigraphy,AnalysisAtomisedType,local,xs:string,XML Schema built-in,simple,1,1,Y,N,0,,"Analytical method used e.g. x-ray diffraction, electron probe, chemical analysis or thin section."
501,SiteStratigraphy/SiteSections/SectionLog/RockUnit/Petrology/Petrologicalanalyses/PetrologicalAnalysis/PetrologicalAnalysisAtomised/AnalysisDateTime,AnalysisDateTime,SiteStratigraphy/SiteSections/SectionLog/RockUnit/Petrology/Petrologicalanalyses/PetrologicalAnalysis/PetrologicalAnalysisAtomised,8,SiteStratigraphy,AnalysisAtomisedType,global (ref),(anonymous complexType),EFG inline,complex,0,1,N,N,0,,When the analysis was carried out
502,SiteStratigraphy/SiteSections/SectionLog/RockUnit/Petrology/Petrologicalanalyses/PetrologicalAnalysis/PetrologicalAnalysisAtomised/AnalysisDateTime/ExactDate,ExactDate,SiteStratigraphy/SiteSections/SectionLog/RockUnit/Petrology/Petrologicalanalyses/PetrologicalAnalysis/PetrologicalAnalysisAtomised/AnalysisDateTime,9,SiteStratigraphy,AnalysisAtomisedType,local,abcd:DateTime,ABCD 2.06 (external),complex (ABCD),0,1,N,N,0,,Uses DateTime element from ABCD
503,SiteStratigraphy/SiteSections/SectionLog/RockUnit/Petrology/Petrologicalanalyses/PetrologicalAnalysis/PetrologicalAnalysisAtomised/AnalysisDateTime/DateText,DateText,SiteStratigraphy/SiteSections/SectionLog/RockUnit/Petrology/Petrologicalanalyses/PetrologicalAnalysis/PetrologicalAnalysisAtomised/AnalysisDateTime,9,SiteStratigraphy,AnalysisAtomisedType,local,xs:string,XML Schema built-in,simple,0,1,N,N,0,,Free text to allow for vague dates or description of analysis period.
504,SiteStratigraphy/SiteSections/SectionLog/RockUnit/Petrology/Petrologicalanalyses/PetrologicalAnalysis/PetrologicalAnalysisAtomised/AnalysisBy,AnalysisBy,SiteStratigraphy/SiteSections/SectionLog/RockUnit/Petrology/Petrologicalanalyses/PetrologicalAnalysis/PetrologicalAnalysisAtomised,8,SiteStratigraphy,AnalysisAtomisedType,local,efg:IdentifiersType,EFG named complexType,complex,0,1,N,N,0,,Persons or organisations carrying out the analysis
505,SiteStratigraphy/SiteSections/SectionLog/RockUnit/Petrology/Petrologicalanalyses/PetrologicalAnalysis/PetrologicalAnalysisAtomised/AnalysisBy/Person,Person,SiteStratigraphy/SiteSections/SectionLog/RockUnit/Petrology/Petrologicalanalyses/PetrologicalAnalysis/PetrologicalAnalysisAtomised/AnalysisBy,9,SiteStratigraphy,IdentifiersType,local,abcd:PersonName,ABCD 2.06 (external),complex (ABCD),0,unbounded,N,Y,0,,Person type from the abcd schema
506,SiteStratigraphy/SiteSections/SectionLog/RockUnit/Petrology/Petrologicalanalyses/PetrologicalAnalysis/PetrologicalAnalysisAtomised/AnalysisBy/Organisation,Organisation,SiteStratigraphy/SiteSections/SectionLog/RockUnit/Petrology/Petrologicalanalyses/PetrologicalAnalysis/PetrologicalAnalysisAtomised/AnalysisBy,9,SiteStratigraphy,IdentifiersType,local,abcd:Organisation,ABCD 2.06 (external),complex (ABCD),0,unbounded,N,Y,0,,Organisation type from the abcd schema
507,SiteStratigraphy/SiteSections/SectionLog/RockUnit/Petrology/Petrologicalanalyses/PetrologicalAnalysis/PetrologicalAnalysisAtomised/AnalysisText,AnalysisText,SiteStratigraphy/SiteSections/SectionLog/RockUnit/Petrology/Petrologicalanalyses/PetrologicalAnalysis/PetrologicalAnalysisAtomised,8,SiteStratigraphy,AnalysisAtomisedType,local,xs:string,XML Schema built-in,simple,0,1,N,N,0,,"Free text to describe the analysis. This may be of value, for instance, if the mineral has been confirmed by x-ray diffraction but no actual analysis data are given in the analytical results."
508,SiteStratigraphy/SiteSections/SectionLog/RockUnit/Petrology/Petrologicalanalyses/PetrologicalAnalysis/PetrologicalAnalysisAtomised/AnalysisReferences,AnalysisReferences,SiteStratigraphy/SiteSections/SectionLog/RockUnit/Petrology/Petrologicalanalyses/PetrologicalAnalysis/PetrologicalAnalysisAtomised,8,SiteStratigraphy,AnalysisAtomisedType,global (ref),(anonymous complexType),EFG inline,complex,0,1,N,N,0,,Container for 1 or more references related to the analysis
509,SiteStratigraphy/SiteSections/SectionLog/RockUnit/Petrology/Petrologicalanalyses/PetrologicalAnalysis/PetrologicalAnalysisAtomised/AnalysisReferences/AnalysisReference,AnalysisReference,SiteStratigraphy/SiteSections/SectionLog/RockUnit/Petrology/Petrologicalanalyses/PetrologicalAnalysis/PetrologicalAnalysisAtomised/AnalysisReferences,9,SiteStratigraphy,AnalysisAtomisedType,local,abcd:Reference,ABCD 2.06 (external),complex (ABCD),1,unbounded,Y,Y,0,,Individual documentary reference linked to an analysis. Uses abcd:Reference Type
510,SiteStratigraphy/SiteSections/SectionLog/RockUnit/Petrology/Petrologicalanalyses/PetrologicalAnalysis/PetrologicalAnalysisAtomised/AnalysisResults,AnalysisResults,SiteStratigraphy/SiteSections/SectionLog/RockUnit/Petrology/Petrologicalanalyses/PetrologicalAnalysis/PetrologicalAnalysisAtomised,8,SiteStratigraphy,AnalysisAtomisedType,local,(anonymous complexType),EFG inline,complex,1,1,Y,N,0,,Container for multiple values obtained by analysis e.g. percentages of different elements present
511,SiteStratigraphy/SiteSections/SectionLog/RockUnit/Petrology/Petrologicalanalyses/PetrologicalAnalysis/PetrologicalAnalysisAtomised/AnalysisResults/AnalysisResult,AnalysisResult,SiteStratigraphy/SiteSections/SectionLog/RockUnit/Petrology/Petrologicalanalyses/PetrologicalAnalysis/PetrologicalAnalysisAtomised/AnalysisResults,9,SiteStratigraphy,AnalysisAtomisedType,local,(anonymous complexType),EFG inline,complex,1,unbounded,Y,Y,0,,Individual measurement made during an analysis e.g. the chemical composition of a mineral
512,SiteStratigraphy/SiteSections/SectionLog/RockUnit/Petrology/Petrologicalanalyses/PetrologicalAnalysis/PetrologicalAnalysisAtomised/AnalysisResults/AnalysisResult/Parameter,Parameter,SiteStratigraphy/SiteSections/SectionLog/RockUnit/Petrology/Petrologicalanalyses/PetrologicalAnalysis/PetrologicalAnalysisAtomised/AnalysisResults/AnalysisResult,10,SiteStratigraphy,AnalysisAtomisedType,local,xs:string,XML Schema built-in,simple,1,1,Y,N,0,,What the given value refers to e.g. amount of an individual element present in a crystalline structure or it could be chemical formula
513,SiteStratigraphy/SiteSections/SectionLog/RockUnit/Petrology/Petrologicalanalyses/PetrologicalAnalysis/PetrologicalAnalysisAtomised/AnalysisResults/AnalysisResult/AppliesTo,AppliesTo,SiteStratigraphy/SiteSections/SectionLog/RockUnit/Petrology/Petrologicalanalyses/PetrologicalAnalysis/PetrologicalAnalysisAtomised/AnalysisResults/AnalysisResult,10,SiteStratigraphy,AnalysisAtomisedType,local,xs:string,XML Schema built-in,simple,0,1,N,N,0,,Used to qualify the measurement parameter
514,SiteStratigraphy/SiteSections/SectionLog/RockUnit/Petrology/Petrologicalanalyses/PetrologicalAnalysis/PetrologicalAnalysisAtomised/AnalysisResults/AnalysisResult/UnitOfMeasurement,UnitOfMeasurement,SiteStratigraphy/SiteSections/SectionLog/RockUnit/Petrology/Petrologicalanalyses/PetrologicalAnalysis/PetrologicalAnalysisAtomised/AnalysisResults/AnalysisResult,10,SiteStratigraphy,AnalysisAtomisedType,local,xs:string,XML Schema built-in,simple,1,1,Y,N,0,,The scale used for measurements in the analysis e.g. % for amounts or RI for refractive index.
515,SiteStratigraphy/SiteSections/SectionLog/RockUnit/Petrology/Petrologicalanalyses/PetrologicalAnalysis/PetrologicalAnalysisAtomised/AnalysisResults/AnalysisResult/LowerValue,LowerValue,SiteStratigraphy/SiteSections/SectionLog/RockUnit/Petrology/Petrologicalanalyses/PetrologicalAnalysis/PetrologicalAnalysisAtomised/AnalysisResults/AnalysisResult,10,SiteStratigraphy,AnalysisAtomisedType,local,xs:string,XML Schema built-in,simple,1,1,Y,N,0,,Lower value of a range or single value. This can be expressed as a measured value e.g. 45% or as a chemical formula e.g. NaCl
516,SiteStratigraphy/SiteSections/SectionLog/RockUnit/Petrology/Petrologicalanalyses/PetrologicalAnalysis/PetrologicalAnalysisAtomised/AnalysisResults/AnalysisResult/UpperValue,UpperValue,SiteStratigraphy/SiteSections/SectionLog/RockUnit/Petrology/Petrologicalanalyses/PetrologicalAnalysis/PetrologicalAnalysisAtomised/AnalysisResults/AnalysisResult,10,SiteStratigraphy,AnalysisAtomisedType,local,xs:string,XML Schema built-in,simple,0,1,N,N,0,,Higher value or upper limit of range of values
517,SiteStratigraphy/SiteSections/SectionLog/RockUnit/Petrology/Petrologicalanalyses/PetrologicalAnalysis/PetrologicalAnalysisAtomised/AnalysisResults/AnalysisResult/Accuracy,Accuracy,SiteStratigraphy/SiteSections/SectionLog/RockUnit/Petrology/Petrologicalanalyses/PetrologicalAnalysis/PetrologicalAnalysisAtomised/AnalysisResults/AnalysisResult,10,SiteStratigraphy,AnalysisAtomisedType,local,xs:string,XML Schema built-in,simple,0,1,N,N,0,,experimental degree of eror e.g. +/- 5%
518,SiteStratigraphy/SiteSections/SectionLog/RockUnit/Petrology/Petrologicalanalyses/PetrologicalAnalysis/PetrologicalAnalysisAtomised/AnalysisResults/AnalysisResult/AnalysisResultComment,AnalysisResultComment,SiteStratigraphy/SiteSections/SectionLog/RockUnit/Petrology/Petrologicalanalyses/PetrologicalAnalysis/PetrologicalAnalysisAtomised/AnalysisResults/AnalysisResult,10,SiteStratigraphy,AnalysisAtomisedType,local,xs:string,XML Schema built-in,simple,0,1,N,N,0,,Free text comment relating to the analysis results
519,SiteStratigraphy/SiteSections/SectionLog/RockUnit/Petrology/AssociatedMineralAssemblage,AssociatedMineralAssemblage,SiteStratigraphy/SiteSections/SectionLog/RockUnit/Petrology,5,SiteStratigraphy,RockUnitType,local,efg:AssociatedMineralAssemblageType,EFG named complexType,complex,0,1,N,N,0,,
520,SiteStratigraphy/SiteSections/SectionLog/RockUnit/Petrology/AssociatedMineralAssemblage/AssociatedMineralList,AssociatedMineralList,SiteStratigraphy/SiteSections/SectionLog/RockUnit/Petrology/AssociatedMineralAssemblage,6,SiteStratigraphy,AssociatedMineralAssemblageType,local,(anonymous complexType),EFG inline,complex,1,unbounded,Y,Y,0,,
521,SiteStratigraphy/SiteSections/SectionLog/RockUnit/Petrology/AssociatedMineralAssemblage/AssociatedMineralList/AssociatedMineralName,AssociatedMineralName,SiteStratigraphy/SiteSections/SectionLog/RockUnit/Petrology/AssociatedMineralAssemblage/AssociatedMineralList,7,SiteStratigraphy,AssociatedMineralAssemblageType,local,xs:string,XML Schema built-in,simple,1,1,Y,N,0,,"A single mineral name at any level of accuracy e.g. feldspar, pyroxene etc. or orthoclase, olivine, horneblende etc."
522,SiteStratigraphy/SiteSections/SectionLog/RockUnit/Petrology/AssociatedMineralAssemblage/AssociatedMineralList/AssociatedMineralComment,AssociatedMineralComment,SiteStratigraphy/SiteSections/SectionLog/RockUnit/Petrology/AssociatedMineralAssemblage/AssociatedMineralList,7,SiteStratigraphy,AssociatedMineralAssemblageType,local,xs:string,XML Schema built-in,simple,0,1,N,N,0,,Free text for describing the occurrence of this particular mineral or any of its features.
523,SiteStratigraphy/SiteSections/SectionLog/RockUnit/Petrology/AssociatedMineralAssemblage/AssociatedMineralAssemblageText,AssociatedMineralAssemblageText,SiteStratigraphy/SiteSections/SectionLog/RockUnit/Petrology/AssociatedMineralAssemblage,6,SiteStratigraphy,AssociatedMineralAssemblageType,local,xs:string,XML Schema built-in,simple,0,1,N,N,0,,Free text for describing the features or characteristics of the overall mineral assemblage e.g.typical North Yorkshire primary copper-rich sulphide assemblage with complex secondary alteration products
524,SiteStratigraphy/SiteSections/SectionLog/RockUnit/AssociatedFossilAssemblage,AssociatedFossilAssemblage,SiteStratigraphy/SiteSections/SectionLog/RockUnit,4,SiteStratigraphy,RockUnitType,local,efg:AssociatedFossilAssemblageType,EFG named complexType,complex,0,1,N,N,0,,Container element for describing fossil assemblage associated with the rock or mineral unit
525,SiteStratigraphy/SiteSections/SectionLog/RockUnit/AssociatedFossilAssemblage/AssociatedFossilList,AssociatedFossilList,SiteStratigraphy/SiteSections/SectionLog/RockUnit/AssociatedFossilAssemblage,5,SiteStratigraphy,AssociatedFossilAssemblageType,local,(anonymous complexType),EFG inline,complex,0,unbounded,N,Y,0,,Container for one or more fossil taxa (including ichnotaxa) that constitute the fossil assemblage associated with the unit being described. Note that highly detailed information on identification or description of the taxa in the assemblage should be treated as separate but related units.
526,SiteStratigraphy/SiteSections/SectionLog/RockUnit/AssociatedFossilAssemblage/AssociatedFossilList/AssociatedFossilName,AssociatedFossilName,SiteStratigraphy/SiteSections/SectionLog/RockUnit/AssociatedFossilAssemblage/AssociatedFossilList,6,SiteStratigraphy,AssociatedFossilAssemblageType,local,xs:string,XML Schema built-in,simple,1,1,Y,N,0,,A single taxon name at any level e.g. trilobite or Dalmanites myops
527,SiteStratigraphy/SiteSections/SectionLog/RockUnit/AssociatedFossilAssemblage/AssociatedFossilList/AssociatedFossilComment,AssociatedFossilComment,SiteStratigraphy/SiteSections/SectionLog/RockUnit/AssociatedFossilAssemblage/AssociatedFossilList,6,SiteStratigraphy,AssociatedFossilAssemblageType,local,xs:string,XML Schema built-in,simple,0,1,N,N,0,,Free text for describing occurrence of this particular taxon or any of its features.
528,SiteStratigraphy/SiteSections/SectionLog/RockUnit/AssociatedFossilAssemblage/AssociatedFossilAssemblageText,AssociatedFossilAssemblageText,SiteStratigraphy/SiteSections/SectionLog/RockUnit/AssociatedFossilAssemblage,5,SiteStratigraphy,AssociatedFossilAssemblageType,local,xs:string,XML Schema built-in,simple,0,1,N,N,0,,"Free text for describing the occurrence, form or other features associated with this fossil assemblage e.g. fore-reef community, condensed reworked assemblage, serpulid bioherm with high concentration of gastropods etc."
529,SiteStratigraphy/SiteSections/SectionLog/RockUnit/DepositionalEnvironment,DepositionalEnvironment,SiteStratigraphy/SiteSections/SectionLog/RockUnit,4,SiteStratigraphy,RockUnitType,local,(anonymous complexType),EFG inline,complex,0,1,N,N,0,,"Container for describing the original environment in which thr rock was deposited or the mineral formed e.g. hypersaline lagoon, lacustrine, intertidal etc."
530,SiteStratigraphy/SiteSections/SectionLog/RockUnit/DepositionalEnvironment/DepositionalEnvironmentText,DepositionalEnvironmentText,SiteStratigraphy/SiteSections/SectionLog/RockUnit/DepositionalEnvironment,5,SiteStratigraphy,RockUnitType,local,xs:string,XML Schema built-in,simple,0,1,N,N,0,,"free text describing the original environment in which thr rock was deposited or the mineral formed e.g. hypersaline lagoon, lacustrine, intertidal etc."
531,SiteStratigraphy/SiteSections/SectionLog/RockUnit/DepositionalEnvironment/DepositionalEnvironmentType,DepositionalEnvironmentType,SiteStratigraphy/SiteSections/SectionLog/RockUnit/DepositionalEnvironment,5,SiteStratigraphy,RockUnitType,local,xs:string (restricted),EFG inline simpleType,simple,1,unbounded,Y,Y,57,alluvial fan | basinal carbonate | basinal siliceous | carbonate | cave | channel | channel lag | coarse channel fill | coastal | crater lake | crevasse splay | deep subtidal | deep subtidal ramp | deep subtidal shelf | deltaic | delta front | delta plain | dry floodplain | dune | estuarine | eolian | fissure fill | floodplain | fluvial | fluvial-deltaic | fluvial-lacustrine | foreshore | glacial | interdistributary bay | interdune | karst | lacustrine | lagoonal | levee | loess | marginal marine | marine | offshore | offshore ramp | offshore shelf | open shallow subtidal | paralic | peritidal | pond | prodelta | reef or bioherm | shallow subtidal | shoreface | shore transition zone | sinkhole | slope | swamp | restricted shallow subtidal | sand shoal | tar | terrestrial | wet floodplain,keywords from enumerated list for indexing of depositional environments
532,SiteStratigraphy/SiteSections/SectionLog/TopSurface,TopSurface,SiteStratigraphy/SiteSections/SectionLog,3,SiteStratigraphy,StratigraphicSectionType,local,(anonymous complexType),EFG inline,complex,0,1,N,N,0,,Container for details of top surface of a layer or stratum and it relationship with overlying layers
533,SiteStratigraphy/SiteSections/SectionLog/TopSurface/TopSurfaceFeature,TopSurfaceFeature,SiteStratigraphy/SiteSections/SectionLog/TopSurface,4,SiteStratigraphy,StratigraphicSectionType,local,xs:string,XML Schema built-in,simple,0,1,N,N,0,,Text description of features e.g. top surface is a hardground or rockground
534,SiteStratigraphy/SiteSections/SectionLog/TopSurface/RelationshipToOverlyingLayer,RelationshipToOverlyingLayer,SiteStratigraphy/SiteSections/SectionLog/TopSurface,4,SiteStratigraphy,StratigraphicSectionType,local,xs:string,XML Schema built-in,simple,0,1,N,N,0,,Free text to record any observed relationship with overlying layer e.g. groove casts infilled by overlying sediment.
535,SiteStratigraphy/SiteSections/SectionLog/BottomSurface,BottomSurface,SiteStratigraphy/SiteSections/SectionLog,3,SiteStratigraphy,StratigraphicSectionType,local,(anonymous complexType),EFG inline,complex,0,1,N,N,0,,Container for details of bottom surface of layer or stratum
536,SiteStratigraphy/SiteSections/SectionLog/BottomSurface/BottomSurfaceFeature,BottomSurfaceFeature,SiteStratigraphy/SiteSections/SectionLog/BottomSurface,4,SiteStratigraphy,StratigraphicSectionType,local,xs:string,XML Schema built-in,simple,0,1,N,N,0,,Text describing features at the base of a layer or stratum
537,SiteStratigraphy/SiteSections/SectionLog/BottomSurface/RelationshipToUnderlyingLayer,RelationshipToUnderlyingLayer,SiteStratigraphy/SiteSections/SectionLog/BottomSurface,4,SiteStratigraphy,StratigraphicSectionType,local,xs:string,XML Schema built-in,simple,0,1,N,N,0,,Free text to describe relationship to underlying strata/layer e.g. unconformable and cross cuts strata or base of bed includes clasts of underlying sediment
538,SiteStratigraphy/SiteSections/SectionLog/SectionUnitStratigraphy,SectionUnitStratigraphy,SiteStratigraphy/SiteSections/SectionLog,3,SiteStratigraphy,StratigraphicSectionType,local,efg:StratigraphicAttributionsType,EFG named complexType,complex,0,1,N,N,0,,
539,SiteStratigraphy/SiteSections/SectionLog/SectionUnitStratigraphy/ChronostratigraphicAttributions,ChronostratigraphicAttributions,SiteStratigraphy/SiteSections/SectionLog/SectionUnitStratigraphy,4,SiteStratigraphy,StratigraphicAttributionsType,local,efg:ChronostratigraphicAttributionsType,EFG named complexType,complex,0,1,N,N,0,,Allows for multiple and range declarations of chronostratigraphic terms. This element combines both chronostratigraphic and geochronologic terms with preference for chronostratigraphic. (Zalasiewicz et al. 2004)
540,SiteStratigraphy/SiteSections/SectionLog/SectionUnitStratigraphy/ChronostratigraphicAttributions/ChronostratigraphicAttribution,ChronostratigraphicAttribution,SiteStratigraphy/SiteSections/SectionLog/SectionUnitStratigraphy/ChronostratigraphicAttributions,5,SiteStratigraphy,ChronostratigraphicAttributionsType,local,(anonymous complexType),EFG inline,complex,1,unbounded,Y,Y,0,,A single declaration of an identifed chronostratigraphic date
541,SiteStratigraphy/SiteSections/SectionLog/SectionUnitStratigraphy/ChronostratigraphicAttributions/ChronostratigraphicAttribution/ChronoStratigraphicDivision,ChronoStratigraphicDivision,SiteStratigraphy/SiteSections/SectionLog/SectionUnitStratigraphy/ChronostratigraphicAttributions/ChronostratigraphicAttribution,6,SiteStratigraphy,ChronostratigraphicAttributionsType,local,xs:string,XML Schema built-in,simple,1,1,Y,N,0,,"Classification level for the term e.g. eon, system, stage etc."
542,SiteStratigraphy/SiteSections/SectionLog/SectionUnitStratigraphy/ChronostratigraphicAttributions/ChronostratigraphicAttribution/ChronostratigraphicName,ChronostratigraphicName,SiteStratigraphy/SiteSections/SectionLog/SectionUnitStratigraphy/ChronostratigraphicAttributions/ChronostratigraphicAttribution,6,SiteStratigraphy,ChronostratigraphicAttributionsType,local,xs:string,XML Schema built-in,simple,1,1,Y,N,0,,"The formal geo/chrono chronologic name e.g. Jurassic, Kimmeridgian etc."
543,SiteStratigraphy/SiteSections/SectionLog/SectionUnitStratigraphy/ChronostratigraphicAttributions/ChronostratigraphicAttribution/DatingQualifier,DatingQualifier,SiteStratigraphy/SiteSections/SectionLog/SectionUnitStratigraphy/ChronostratigraphicAttributions/ChronostratigraphicAttribution,6,SiteStratigraphy,ChronostratigraphicAttributionsType,global (ref),xs:string,XML Schema built-in,simple,0,1,N,N,0,,"Allows for qualification of date terms e.g. early/lower, middle, late/upper"
544,SiteStratigraphy/SiteSections/SectionLog/SectionUnitStratigraphy/ChronostratigraphicAttributions/ChronostratigraphicAttribution/Certainty,Certainty,SiteStratigraphy/SiteSections/SectionLog/SectionUnitStratigraphy/ChronostratigraphicAttributions/ChronostratigraphicAttribution,6,SiteStratigraphy,ChronostratigraphicAttributionsType,global (ref),xs:string,XML Schema built-in,simple,0,1,N,N,0,,"Degree of certainty associated with the date determination e.g. unknown, certain, uncertain, possibly, known wrong."
545,SiteStratigraphy/SiteSections/SectionLog/SectionUnitStratigraphy/ChronostratigraphicAttributions/ChronostratigraphicAttribution/RangePosition,RangePosition,SiteStratigraphy/SiteSections/SectionLog/SectionUnitStratigraphy/ChronostratigraphicAttributions/ChronostratigraphicAttribution,6,SiteStratigraphy,ChronostratigraphicAttributionsType,local,xs:string (restricted),EFG inline simpleType,simple,0,1,N,N,0,,"text field to mark if this date is the earlest in a possible range, midway or the latest. May need to be used if there is a possibility of a range of dates."
546,SiteStratigraphy/SiteSections/SectionLog/SectionUnitStratigraphy/ChronostratigraphicAttributions/ChronostratigraphicAttribution/Identifiers,Identifiers,SiteStratigraphy/SiteSections/SectionLog/SectionUnitStratigraphy/ChronostratigraphicAttributions/ChronostratigraphicAttribution,6,SiteStratigraphy,ChronostratigraphicAttributionsType,local,efg:IdentifiersType,EFG named complexType,complex,0,1,N,N,0,,
547,SiteStratigraphy/SiteSections/SectionLog/SectionUnitStratigraphy/ChronostratigraphicAttributions/ChronostratigraphicAttribution/Identifiers/Person,Person,SiteStratigraphy/SiteSections/SectionLog/SectionUnitStratigraphy/ChronostratigraphicAttributions/ChronostratigraphicAttribution/Identifiers,7,SiteStratigraphy,IdentifiersType,local,abcd:PersonName,ABCD 2.06 (external),complex (ABCD),0,unbounded,N,Y,0,,Person type from the abcd schema
548,SiteStratigraphy/SiteSections/SectionLog/SectionUnitStratigraphy/ChronostratigraphicAttributions/ChronostratigraphicAttribution/Identifiers/Organisation,Organisation,SiteStratigraphy/SiteSections/SectionLog/SectionUnitStratigraphy/ChronostratigraphicAttributions/ChronostratigraphicAttribution/Identifiers,7,SiteStratigraphy,IdentifiersType,local,abcd:Organisation,ABCD 2.06 (external),complex (ABCD),0,unbounded,N,Y,0,,Organisation type from the abcd schema
549,SiteStratigraphy/SiteSections/SectionLog/SectionUnitStratigraphy/ChronostratigraphicAttributions/ChronostratigraphicAttribution/StratigraphicMeasurementsOrFacts,StratigraphicMeasurementsOrFacts,SiteStratigraphy/SiteSections/SectionLog/SectionUnitStratigraphy/ChronostratigraphicAttributions/ChronostratigraphicAttribution,6,SiteStratigraphy,ChronostratigraphicAttributionsType,global (ref),(anonymous complexType),EFG inline,complex,0,1,N,N,0,,"Container element for multiple measurements (e.g. thickness, dip etc.) or facts (e.g. this bed was first identified by Charles Moore as the Reptile and Fish Bed from which he obtained Nothosaurus). This element contains the standard schema complex type MeasurementOrFact."
550,SiteStratigraphy/SiteSections/SectionLog/SectionUnitStratigraphy/ChronostratigraphicAttributions/ChronostratigraphicAttribution/StratigraphicMeasurementsOrFacts/StratigraphicMeasurementOrFact,StratigraphicMeasurementOrFact,SiteStratigraphy/SiteSections/SectionLog/SectionUnitStratigraphy/ChronostratigraphicAttributions/ChronostratigraphicAttribution/StratigraphicMeasurementsOrFacts,7,SiteStratigraphy,ChronostratigraphicAttributionsType,local,abcd:MeasurementOrFact,ABCD 2.06 (external),complex (ABCD),1,unbounded,Y,Y,0,,Container for single instance of complex type MeasurementOrFact
551,SiteStratigraphy/SiteSections/SectionLog/SectionUnitStratigraphy/LithostratigraphicAttributions,LithostratigraphicAttributions,SiteStratigraphy/SiteSections/SectionLog/SectionUnitStratigraphy,4,SiteStratigraphy,StratigraphicAttributionsType,local,efg:LithostratigraphicAttributionsType,EFG named complexType,complex,0,1,N,N,0,,"Allows for multiple identifications of any named lithostratigraphic units (e.g. Penarth Group, Langport Member, Rhaetic Bone Bed)"
552,SiteStratigraphy/SiteSections/SectionLog/SectionUnitStratigraphy/LithostratigraphicAttributions/LithostratigraphicAttribution,LithostratigraphicAttribution,SiteStratigraphy/SiteSections/SectionLog/SectionUnitStratigraphy/LithostratigraphicAttributions,5,SiteStratigraphy,LithostratigraphicAttributionsType,local,(anonymous complexType),EFG inline,complex,1,unbounded,Y,Y,0,,An individual identification of a named lithostratigraphic unit e.g. The Hotwells Limestone Group. The higher lithostratigraphic terms are also allowed to cover the possibility of rock name homonyms and indexing in the absence of a complete dictionary of rock names.
553,SiteStratigraphy/SiteSections/SectionLog/SectionUnitStratigraphy/LithostratigraphicAttributions/LithostratigraphicAttribution/Supergroup,Supergroup,SiteStratigraphy/SiteSections/SectionLog/SectionUnitStratigraphy/LithostratigraphicAttributions/LithostratigraphicAttribution,6,SiteStratigraphy,LithostratigraphicAttributionsType,local,xs:string,XML Schema built-in,simple,0,1,N,N,0,,Highest level of lithostratigraphic classification
554,SiteStratigraphy/SiteSections/SectionLog/SectionUnitStratigraphy/LithostratigraphicAttributions/LithostratigraphicAttribution/Group,Group,SiteStratigraphy/SiteSections/SectionLog/SectionUnitStratigraphy/LithostratigraphicAttributions/LithostratigraphicAttribution,6,SiteStratigraphy,LithostratigraphicAttributionsType,local,xs:string,XML Schema built-in,simple,0,1,N,N,0,,Lithostratigraphic unit consisting of two or more formations
555,SiteStratigraphy/SiteSections/SectionLog/SectionUnitStratigraphy/LithostratigraphicAttributions/LithostratigraphicAttribution/Formation,Formation,SiteStratigraphy/SiteSections/SectionLog/SectionUnitStratigraphy/LithostratigraphicAttributions/LithostratigraphicAttribution,6,SiteStratigraphy,LithostratigraphicAttributionsType,local,xs:string,XML Schema built-in,simple,0,1,N,N,0,,The primary lithostratigraphic unit characterised by its lithologic features although it may be diachronous.
556,SiteStratigraphy/SiteSections/SectionLog/SectionUnitStratigraphy/LithostratigraphicAttributions/LithostratigraphicAttribution/Member,Member,SiteStratigraphy/SiteSections/SectionLog/SectionUnitStratigraphy/LithostratigraphicAttributions/LithostratigraphicAttribution,6,SiteStratigraphy,LithostratigraphicAttributionsType,local,xs:string,XML Schema built-in,simple,0,1,N,N,0,,A sub-division of a formation which may be local in extent or exhibits a distinctive lithology
557,SiteStratigraphy/SiteSections/SectionLog/SectionUnitStratigraphy/LithostratigraphicAttributions/LithostratigraphicAttribution/Bed,Bed,SiteStratigraphy/SiteSections/SectionLog/SectionUnitStratigraphy/LithostratigraphicAttributions/LithostratigraphicAttribution,6,SiteStratigraphy,LithostratigraphicAttributionsType,local,xs:string,XML Schema built-in,simple,0,1,N,N,0,,The smallest division of a named stratified series normally with well defined division from adjacent deposits.
558,SiteStratigraphy/SiteSections/SectionLog/SectionUnitStratigraphy/LithostratigraphicAttributions/LithostratigraphicAttribution/InformalLithostratigraphicName,InformalLithostratigraphicName,SiteStratigraphy/SiteSections/SectionLog/SectionUnitStratigraphy/LithostratigraphicAttributions/LithostratigraphicAttribution,6,SiteStratigraphy,LithostratigraphicAttributionsType,local,xs:string,XML Schema built-in,simple,0,1,N,N,0,,An informal lithostratigraphic name (ie. one not yet characterised as a formation or member or an old name still in general use e.g. Schaumkalk as part of the Muschelkalk or Keuper Marl as a synonym of the Mercia Mudstone Group. includes language as an attribute.
559,SiteStratigraphy/SiteSections/SectionLog/SectionUnitStratigraphy/LithostratigraphicAttributions/LithostratigraphicAttribution/Certainty,Certainty,SiteStratigraphy/SiteSections/SectionLog/SectionUnitStratigraphy/LithostratigraphicAttributions/LithostratigraphicAttribution,6,SiteStratigraphy,LithostratigraphicAttributionsType,global (ref),xs:string,XML Schema built-in,simple,0,1,N,N,0,,"Degree of certainty associated with the date determination e.g. unknown, certain, uncertain, possibly, known wrong."
560,SiteStratigraphy/SiteSections/SectionLog/SectionUnitStratigraphy/LithostratigraphicAttributions/LithostratigraphicAttribution/DatingQualifier,DatingQualifier,SiteStratigraphy/SiteSections/SectionLog/SectionUnitStratigraphy/LithostratigraphicAttributions/LithostratigraphicAttribution,6,SiteStratigraphy,LithostratigraphicAttributionsType,global (ref),xs:string,XML Schema built-in,simple,0,1,N,N,0,,"Allows for qualification of date terms e.g. early/lower, middle, late/upper"
561,SiteStratigraphy/SiteSections/SectionLog/SectionUnitStratigraphy/LithostratigraphicAttributions/LithostratigraphicAttribution/Identifiers,Identifiers,SiteStratigraphy/SiteSections/SectionLog/SectionUnitStratigraphy/LithostratigraphicAttributions/LithostratigraphicAttribution,6,SiteStratigraphy,LithostratigraphicAttributionsType,local,efg:IdentifiersType,EFG named complexType,complex,0,1,N,N,0,,
562,SiteStratigraphy/SiteSections/SectionLog/SectionUnitStratigraphy/LithostratigraphicAttributions/LithostratigraphicAttribution/Identifiers/Person,Person,SiteStratigraphy/SiteSections/SectionLog/SectionUnitStratigraphy/LithostratigraphicAttributions/LithostratigraphicAttribution/Identifiers,7,SiteStratigraphy,IdentifiersType,local,abcd:PersonName,ABCD 2.06 (external),complex (ABCD),0,unbounded,N,Y,0,,Person type from the abcd schema
563,SiteStratigraphy/SiteSections/SectionLog/SectionUnitStratigraphy/LithostratigraphicAttributions/LithostratigraphicAttribution/Identifiers/Organisation,Organisation,SiteStratigraphy/SiteSections/SectionLog/SectionUnitStratigraphy/LithostratigraphicAttributions/LithostratigraphicAttribution/Identifiers,7,SiteStratigraphy,IdentifiersType,local,abcd:Organisation,ABCD 2.06 (external),complex (ABCD),0,unbounded,N,Y,0,,Organisation type from the abcd schema
564,SiteStratigraphy/SiteSections/SectionLog/SectionUnitStratigraphy/LithostratigraphicAttributions/LithostratigraphicAttribution/StratigraphicMeasurementsOrFacts,StratigraphicMeasurementsOrFacts,SiteStratigraphy/SiteSections/SectionLog/SectionUnitStratigraphy/LithostratigraphicAttributions/LithostratigraphicAttribution,6,SiteStratigraphy,LithostratigraphicAttributionsType,global (ref),(anonymous complexType),EFG inline,complex,0,1,N,N,0,,"Container element for multiple measurements (e.g. thickness, dip etc.) or facts (e.g. this bed was first identified by Charles Moore as the Reptile and Fish Bed from which he obtained Nothosaurus). This element contains the standard schema complex type MeasurementOrFact."
565,SiteStratigraphy/SiteSections/SectionLog/SectionUnitStratigraphy/LithostratigraphicAttributions/LithostratigraphicAttribution/StratigraphicMeasurementsOrFacts/StratigraphicMeasurementOrFact,StratigraphicMeasurementOrFact,SiteStratigraphy/SiteSections/SectionLog/SectionUnitStratigraphy/LithostratigraphicAttributions/LithostratigraphicAttribution/StratigraphicMeasurementsOrFacts,7,SiteStratigraphy,LithostratigraphicAttributionsType,local,abcd:MeasurementOrFact,ABCD 2.06 (external),complex (ABCD),1,unbounded,Y,Y,0,,Container for single instance of complex type MeasurementOrFact
566,SiteStratigraphy/SiteSections/SectionLog/SectionUnitStratigraphy/BiostratigraphicAttributions,BiostratigraphicAttributions,SiteStratigraphy/SiteSections/SectionLog/SectionUnitStratigraphy,4,SiteStratigraphy,StratigraphicAttributionsType,local,efg:BiostratigraphicAttributionsType,EFG named complexType,complex,0,1,N,N,0,,Container for optional multiple references to fossil zones e.g. where a range of zones and subzones might be represented.
567,SiteStratigraphy/SiteSections/SectionLog/SectionUnitStratigraphy/BiostratigraphicAttributions/BiostratigraphicAttribution,BiostratigraphicAttribution,SiteStratigraphy/SiteSections/SectionLog/SectionUnitStratigraphy/BiostratigraphicAttributions,5,SiteStratigraphy,BiostratigraphicAttributionsType,local,(anonymous complexType),EFG inline,complex,1,unbounded,Y,Y,0,,A single declaration of a fossil zone or subzone.
568,SiteStratigraphy/SiteSections/SectionLog/SectionUnitStratigraphy/BiostratigraphicAttributions/BiostratigraphicAttribution/ZonalFossilType,ZonalFossilType,SiteStratigraphy/SiteSections/SectionLog/SectionUnitStratigraphy/BiostratigraphicAttributions/BiostratigraphicAttribution,6,SiteStratigraphy,BiostratigraphicAttributionsType,local,xs:string,XML Schema built-in,simple,1,1,Y,N,0,,"What sort of biozone is being recorded? e.g. what animal or plant group is it based on? (ammonite, brachiopod,coral, plant, foram, nanoplankton etc.)"
569,SiteStratigraphy/SiteSections/SectionLog/SectionUnitStratigraphy/BiostratigraphicAttributions/BiostratigraphicAttribution/FossilZoneName,FossilZoneName,SiteStratigraphy/SiteSections/SectionLog/SectionUnitStratigraphy/BiostratigraphicAttributions/BiostratigraphicAttribution,6,SiteStratigraphy,BiostratigraphicAttributionsType,local,xs:string,XML Schema built-in,simple,1,1,Y,N,0,,The actual name of the biozone. Ideally this should be in its expanded form although common usage tends to abbreviate the generic epithet.
570,SiteStratigraphy/SiteSections/SectionLog/SectionUnitStratigraphy/BiostratigraphicAttributions/BiostratigraphicAttribution/FossilSubzoneName,FossilSubzoneName,SiteStratigraphy/SiteSections/SectionLog/SectionUnitStratigraphy/BiostratigraphicAttributions/BiostratigraphicAttribution,6,SiteStratigraphy,BiostratigraphicAttributionsType,local,xs:string,XML Schema built-in,simple,0,1,N,N,0,,"The subzone name, if any, this should ideally be in expanded form rather than abbreviated."
571,SiteStratigraphy/SiteSections/SectionLog/SectionUnitStratigraphy/BiostratigraphicAttributions/BiostratigraphicAttribution/Certainty,Certainty,SiteStratigraphy/SiteSections/SectionLog/SectionUnitStratigraphy/BiostratigraphicAttributions/BiostratigraphicAttribution,6,SiteStratigraphy,BiostratigraphicAttributionsType,global (ref),xs:string,XML Schema built-in,simple,0,1,N,N,0,,"Degree of certainty associated with the date determination e.g. unknown, certain, uncertain, possibly, known wrong."
572,SiteStratigraphy/SiteSections/SectionLog/SectionUnitStratigraphy/BiostratigraphicAttributions/BiostratigraphicAttribution/RangePosition,RangePosition,SiteStratigraphy/SiteSections/SectionLog/SectionUnitStratigraphy/BiostratigraphicAttributions/BiostratigraphicAttribution,6,SiteStratigraphy,BiostratigraphicAttributionsType,local,xs:string,XML Schema built-in,simple,0,1,N,N,0,,"Range position if this attribution is the earliest, midway or latest in a possible range. e.g. It is not always clear what zone a particular taxon belongs to and therefore a range may be needed."
573,SiteStratigraphy/SiteSections/SectionLog/SectionUnitStratigraphy/BiostratigraphicAttributions/BiostratigraphicAttribution/DatingQualifier,DatingQualifier,SiteStratigraphy/SiteSections/SectionLog/SectionUnitStratigraphy/BiostratigraphicAttributions/BiostratigraphicAttribution,6,SiteStratigraphy,BiostratigraphicAttributionsType,global (ref),xs:string,XML Schema built-in,simple,0,1,N,N,0,,"Allows for qualification of date terms e.g. early/lower, middle, late/upper"
574,SiteStratigraphy/SiteSections/SectionLog/SectionUnitStratigraphy/BiostratigraphicAttributions/BiostratigraphicAttribution/Identifiers,Identifiers,SiteStratigraphy/SiteSections/SectionLog/SectionUnitStratigraphy/BiostratigraphicAttributions/BiostratigraphicAttribution,6,SiteStratigraphy,BiostratigraphicAttributionsType,local,efg:IdentifiersType,EFG named complexType,complex,0,unbounded,N,Y,0,,
575,SiteStratigraphy/SiteSections/SectionLog/SectionUnitStratigraphy/BiostratigraphicAttributions/BiostratigraphicAttribution/Identifiers/Person,Person,SiteStratigraphy/SiteSections/SectionLog/SectionUnitStratigraphy/BiostratigraphicAttributions/BiostratigraphicAttribution/Identifiers,7,SiteStratigraphy,IdentifiersType,local,abcd:PersonName,ABCD 2.06 (external),complex (ABCD),0,unbounded,N,Y,0,,Person type from the abcd schema
576,SiteStratigraphy/SiteSections/SectionLog/SectionUnitStratigraphy/BiostratigraphicAttributions/BiostratigraphicAttribution/Identifiers/Organisation,Organisation,SiteStratigraphy/SiteSections/SectionLog/SectionUnitStratigraphy/BiostratigraphicAttributions/BiostratigraphicAttribution/Identifiers,7,SiteStratigraphy,IdentifiersType,local,abcd:Organisation,ABCD 2.06 (external),complex (ABCD),0,unbounded,N,Y,0,,Organisation type from the abcd schema
577,SiteStratigraphy/SiteSections/SectionLog/SectionUnitStratigraphy/BiostratigraphicAttributions/BiostratigraphicAttribution/StratigraphicMeasurementsOrFacts,StratigraphicMeasurementsOrFacts,SiteStratigraphy/SiteSections/SectionLog/SectionUnitStratigraphy/BiostratigraphicAttributions/BiostratigraphicAttribution,6,SiteStratigraphy,BiostratigraphicAttributionsType,global (ref),(anonymous complexType),EFG inline,complex,0,1,N,N,0,,"Container element for multiple measurements (e.g. thickness, dip etc.) or facts (e.g. this bed was first identified by Charles Moore as the Reptile and Fish Bed from which he obtained Nothosaurus). This element contains the standard schema complex type MeasurementOrFact."
578,SiteStratigraphy/SiteSections/SectionLog/SectionUnitStratigraphy/BiostratigraphicAttributions/BiostratigraphicAttribution/StratigraphicMeasurementsOrFacts/StratigraphicMeasurementOrFact,StratigraphicMeasurementOrFact,SiteStratigraphy/SiteSections/SectionLog/SectionUnitStratigraphy/BiostratigraphicAttributions/BiostratigraphicAttribution/StratigraphicMeasurementsOrFacts,7,SiteStratigraphy,BiostratigraphicAttributionsType,local,abcd:MeasurementOrFact,ABCD 2.06 (external),complex (ABCD),1,unbounded,Y,Y,0,,Container for single instance of complex type MeasurementOrFact
579,SiteStratigraphy/SiteSections/SectionLog/SectionUnitStratigraphy/MagnetostratigraphicDeterminations,MagnetostratigraphicDeterminations,SiteStratigraphy/SiteSections/SectionLog/SectionUnitStratigraphy,4,SiteStratigraphy,StratigraphicAttributionsType,local,efg:MagnetostratigraphicDeterminationsType,EFG named complexType,complex,0,1,N,N,0,,"Container for details of any magnetostratigraphic evidence cited to support the dating of rocks. Magnetostratigraphy uses a range of readings over a sequence of rocks to provide a pattern that is correlated with known dated sequences. It includes its own series of divisions including superchrons, chrons and subchrons."
580,SiteStratigraphy/SiteSections/SectionLog/SectionUnitStratigraphy/MagnetostratigraphicDeterminations/MagnetostratigraphicDetermination,MagnetostratigraphicDetermination,SiteStratigraphy/SiteSections/SectionLog/SectionUnitStratigraphy/MagnetostratigraphicDeterminations,5,SiteStratigraphy,MagnetostratigraphicDeterminationsType,local,(anonymous complexType),EFG inline,complex,1,unbounded,Y,Y,0,,Single record of magnetostratigraphic dating
581,SiteStratigraphy/SiteSections/SectionLog/SectionUnitStratigraphy/MagnetostratigraphicDeterminations/MagnetostratigraphicDetermination/PolaritySuperchron,PolaritySuperchron,SiteStratigraphy/SiteSections/SectionLog/SectionUnitStratigraphy/MagnetostratigraphicDeterminations/MagnetostratigraphicDetermination,6,SiteStratigraphy,MagnetostratigraphicDeterminationsType,local,xs:string,XML Schema built-in,simple,0,1,N,N,0,,largest division of magnetostratigraphic terms
582,SiteStratigraphy/SiteSections/SectionLog/SectionUnitStratigraphy/MagnetostratigraphicDeterminations/MagnetostratigraphicDetermination/PolarityChron,PolarityChron,SiteStratigraphy/SiteSections/SectionLog/SectionUnitStratigraphy/MagnetostratigraphicDeterminations/MagnetostratigraphicDetermination,6,SiteStratigraphy,MagnetostratigraphicDeterminationsType,local,xs:string,XML Schema built-in,simple,0,1,N,N,0,,Reference to numerical scheme for labelling time divisions based on magnetic anomalies and reversals
583,SiteStratigraphy/SiteSections/SectionLog/SectionUnitStratigraphy/MagnetostratigraphicDeterminations/MagnetostratigraphicDetermination/PolaritySubchron,PolaritySubchron,SiteStratigraphy/SiteSections/SectionLog/SectionUnitStratigraphy/MagnetostratigraphicDeterminations/MagnetostratigraphicDetermination,6,SiteStratigraphy,MagnetostratigraphicDeterminationsType,local,xs:string,XML Schema built-in,simple,0,1,N,N,0,,Any named subdivision of a Polarity Chron
584,SiteStratigraphy/SiteSections/SectionLog/SectionUnitStratigraphy/MagnetostratigraphicDeterminations/MagnetostratigraphicDetermination/MagnetostratigraphicDetail,MagnetostratigraphicDetail,SiteStratigraphy/SiteSections/SectionLog/SectionUnitStratigraphy/MagnetostratigraphicDeterminations/MagnetostratigraphicDetermination,6,SiteStratigraphy,MagnetostratigraphicDeterminationsType,local,xs:string,XML Schema built-in,simple,0,1,N,N,0,,Free text describing the use of magnetostratigraphic correlation.
585,SiteStratigraphy/SiteSections/SectionLog/SectionUnitStratigraphy/MagnetostratigraphicDeterminations/MagnetostratigraphicDetermination/AnalysisDateTime,AnalysisDateTime,SiteStratigraphy/SiteSections/SectionLog/SectionUnitStratigraphy/MagnetostratigraphicDeterminations/MagnetostratigraphicDetermination,6,SiteStratigraphy,MagnetostratigraphicDeterminationsType,global (ref),(anonymous complexType),EFG inline,complex,0,1,N,N,0,,When the analysis was carried out
586,SiteStratigraphy/SiteSections/SectionLog/SectionUnitStratigraphy/MagnetostratigraphicDeterminations/MagnetostratigraphicDetermination/AnalysisDateTime/ExactDate,ExactDate,SiteStratigraphy/SiteSections/SectionLog/SectionUnitStratigraphy/MagnetostratigraphicDeterminations/MagnetostratigraphicDetermination/AnalysisDateTime,7,SiteStratigraphy,MagnetostratigraphicDeterminationsType,local,abcd:DateTime,ABCD 2.06 (external),complex (ABCD),0,1,N,N,0,,Uses DateTime element from ABCD
587,SiteStratigraphy/SiteSections/SectionLog/SectionUnitStratigraphy/MagnetostratigraphicDeterminations/MagnetostratigraphicDetermination/AnalysisDateTime/DateText,DateText,SiteStratigraphy/SiteSections/SectionLog/SectionUnitStratigraphy/MagnetostratigraphicDeterminations/MagnetostratigraphicDetermination/AnalysisDateTime,7,SiteStratigraphy,MagnetostratigraphicDeterminationsType,local,xs:string,XML Schema built-in,simple,0,1,N,N,0,,Free text to allow for vague dates or description of analysis period.
588,SiteStratigraphy/SiteSections/SectionLog/SectionUnitStratigraphy/MagnetostratigraphicDeterminations/MagnetostratigraphicDetermination/Certainty,Certainty,SiteStratigraphy/SiteSections/SectionLog/SectionUnitStratigraphy/MagnetostratigraphicDeterminations/MagnetostratigraphicDetermination,6,SiteStratigraphy,MagnetostratigraphicDeterminationsType,global (ref),xs:string,XML Schema built-in,simple,0,1,N,N,0,,"Degree of certainty associated with the date determination e.g. unknown, certain, uncertain, possibly, known wrong."
589,SiteStratigraphy/SiteSections/SectionLog/SectionUnitStratigraphy/MagnetostratigraphicDeterminations/MagnetostratigraphicDetermination/DatingQualifier,DatingQualifier,SiteStratigraphy/SiteSections/SectionLog/SectionUnitStratigraphy/MagnetostratigraphicDeterminations/MagnetostratigraphicDetermination,6,SiteStratigraphy,MagnetostratigraphicDeterminationsType,global (ref),xs:string,XML Schema built-in,simple,0,1,N,N,0,,"Allows for qualification of date terms e.g. early/lower, middle, late/upper"
590,SiteStratigraphy/SiteSections/SectionLog/SectionUnitStratigraphy/MagnetostratigraphicDeterminations/MagnetostratigraphicDetermination/Identifiers,Identifiers,SiteStratigraphy/SiteSections/SectionLog/SectionUnitStratigraphy/MagnetostratigraphicDeterminations/MagnetostratigraphicDetermination,6,SiteStratigraphy,MagnetostratigraphicDeterminationsType,local,efg:IdentifiersType,EFG named complexType,complex,0,1,N,N,0,,
591,SiteStratigraphy/SiteSections/SectionLog/SectionUnitStratigraphy/MagnetostratigraphicDeterminations/MagnetostratigraphicDetermination/Identifiers/Person,Person,SiteStratigraphy/SiteSections/SectionLog/SectionUnitStratigraphy/MagnetostratigraphicDeterminations/MagnetostratigraphicDetermination/Identifiers,7,SiteStratigraphy,IdentifiersType,local,abcd:PersonName,ABCD 2.06 (external),complex (ABCD),0,unbounded,N,Y,0,,Person type from the abcd schema
592,SiteStratigraphy/SiteSections/SectionLog/SectionUnitStratigraphy/MagnetostratigraphicDeterminations/MagnetostratigraphicDetermination/Identifiers/Organisation,Organisation,SiteStratigraphy/SiteSections/SectionLog/SectionUnitStratigraphy/MagnetostratigraphicDeterminations/MagnetostratigraphicDetermination/Identifiers,7,SiteStratigraphy,IdentifiersType,local,abcd:Organisation,ABCD 2.06 (external),complex (ABCD),0,unbounded,N,Y,0,,Organisation type from the abcd schema
593,SiteStratigraphy/SiteSections/SectionLog/SectionUnitStratigraphy/MagnetostratigraphicDeterminations/MagnetostratigraphicDetermination/AnalysisReferences,AnalysisReferences,SiteStratigraphy/SiteSections/SectionLog/SectionUnitStratigraphy/MagnetostratigraphicDeterminations/MagnetostratigraphicDetermination,6,SiteStratigraphy,MagnetostratigraphicDeterminationsType,global (ref),(anonymous complexType),EFG inline,complex,0,unbounded,N,Y,0,,Container for 1 or more references related to the analysis
594,SiteStratigraphy/SiteSections/SectionLog/SectionUnitStratigraphy/MagnetostratigraphicDeterminations/MagnetostratigraphicDetermination/AnalysisReferences/AnalysisReference,AnalysisReference,SiteStratigraphy/SiteSections/SectionLog/SectionUnitStratigraphy/MagnetostratigraphicDeterminations/MagnetostratigraphicDetermination/AnalysisReferences,7,SiteStratigraphy,MagnetostratigraphicDeterminationsType,local,abcd:Reference,ABCD 2.06 (external),complex (ABCD),1,unbounded,Y,Y,0,,Individual documentary reference linked to an analysis. Uses abcd:Reference Type
595,SiteStratigraphy/SiteSections/SectionLog/SectionUnitStratigraphy/IsotopeStratigraphicDeterminations,IsotopeStratigraphicDeterminations,SiteStratigraphy/SiteSections/SectionLog/SectionUnitStratigraphy,4,SiteStratigraphy,StratigraphicAttributionsType,local,efg:IsotopeStratigraphicDeterminationsType,EFG named complexType,complex,0,1,N,N,0,,Container for detail referring to any isotope concentration study. Isotope stratigraphy uses a range of readings over a sequence of rocks to create profiles that are correlated with dated sequences.
596,SiteStratigraphy/SiteSections/SectionLog/SectionUnitStratigraphy/IsotopeStratigraphicDeterminations/IsotopeStratigraphicDetermination,IsotopeStratigraphicDetermination,SiteStratigraphy/SiteSections/SectionLog/SectionUnitStratigraphy/IsotopeStratigraphicDeterminations,5,SiteStratigraphy,IsotopeStratigraphicDeterminationsType,local,(anonymous complexType),EFG inline,complex,1,unbounded,Y,Y,0,,Single record of an isotope stratigraphic determination
597,SiteStratigraphy/SiteSections/SectionLog/SectionUnitStratigraphy/IsotopeStratigraphicDeterminations/IsotopeStratigraphicDetermination/IsotopesMeasured,IsotopesMeasured,SiteStratigraphy/SiteSections/SectionLog/SectionUnitStratigraphy/IsotopeStratigraphicDeterminations/IsotopeStratigraphicDetermination,6,SiteStratigraphy,IsotopeStratigraphicDeterminationsType,local,xs:string,XML Schema built-in,simple,1,1,Y,N,0,,"What isotopes were used for this correlation e.g. Oxygen, Strontium, Carbon or more specific (O18/O16)"
598,SiteStratigraphy/SiteSections/SectionLog/SectionUnitStratigraphy/IsotopeStratigraphicDeterminations/IsotopeStratigraphicDetermination/IsotopeStratigraphicDetail,IsotopeStratigraphicDetail,SiteStratigraphy/SiteSections/SectionLog/SectionUnitStratigraphy/IsotopeStratigraphicDeterminations/IsotopeStratigraphicDetermination,6,SiteStratigraphy,IsotopeStratigraphicDeterminationsType,local,xs:string,XML Schema built-in,simple,1,1,Y,N,0,,Free text describing the isotope correlation result.
599,SiteStratigraphy/SiteSections/SectionLog/SectionUnitStratigraphy/IsotopeStratigraphicDeterminations/IsotopeStratigraphicDetermination/AnalysisDateTime,AnalysisDateTime,SiteStratigraphy/SiteSections/SectionLog/SectionUnitStratigraphy/IsotopeStratigraphicDeterminations/IsotopeStratigraphicDetermination,6,SiteStratigraphy,IsotopeStratigraphicDeterminationsType,global (ref),(anonymous complexType),EFG inline,complex,0,1,N,N,0,,When the analysis was carried out
600,SiteStratigraphy/SiteSections/SectionLog/SectionUnitStratigraphy/IsotopeStratigraphicDeterminations/IsotopeStratigraphicDetermination/AnalysisDateTime/ExactDate,ExactDate,SiteStratigraphy/SiteSections/SectionLog/SectionUnitStratigraphy/IsotopeStratigraphicDeterminations/IsotopeStratigraphicDetermination/AnalysisDateTime,7,SiteStratigraphy,IsotopeStratigraphicDeterminationsType,local,abcd:DateTime,ABCD 2.06 (external),complex (ABCD),0,1,N,N,0,,Uses DateTime element from ABCD
601,SiteStratigraphy/SiteSections/SectionLog/SectionUnitStratigraphy/IsotopeStratigraphicDeterminations/IsotopeStratigraphicDetermination/AnalysisDateTime/DateText,DateText,SiteStratigraphy/SiteSections/SectionLog/SectionUnitStratigraphy/IsotopeStratigraphicDeterminations/IsotopeStratigraphicDetermination/AnalysisDateTime,7,SiteStratigraphy,IsotopeStratigraphicDeterminationsType,local,xs:string,XML Schema built-in,simple,0,1,N,N,0,,Free text to allow for vague dates or description of analysis period.
602,SiteStratigraphy/SiteSections/SectionLog/SectionUnitStratigraphy/IsotopeStratigraphicDeterminations/IsotopeStratigraphicDetermination/Certainty,Certainty,SiteStratigraphy/SiteSections/SectionLog/SectionUnitStratigraphy/IsotopeStratigraphicDeterminations/IsotopeStratigraphicDetermination,6,SiteStratigraphy,IsotopeStratigraphicDeterminationsType,global (ref),xs:string,XML Schema built-in,simple,0,1,N,N,0,,"Degree of certainty associated with the date determination e.g. unknown, certain, uncertain, possibly, known wrong."
603,SiteStratigraphy/SiteSections/SectionLog/SectionUnitStratigraphy/IsotopeStratigraphicDeterminations/IsotopeStratigraphicDetermination/DatingQualifier,DatingQualifier,SiteStratigraphy/SiteSections/SectionLog/SectionUnitStratigraphy/IsotopeStratigraphicDeterminations/IsotopeStratigraphicDetermination,6,SiteStratigraphy,IsotopeStratigraphicDeterminationsType,global (ref),xs:string,XML Schema built-in,simple,0,1,N,N,0,,"Allows for qualification of date terms e.g. early/lower, middle, late/upper"
604,SiteStratigraphy/SiteSections/SectionLog/SectionUnitStratigraphy/IsotopeStratigraphicDeterminations/IsotopeStratigraphicDetermination/Identifiers,Identifiers,SiteStratigraphy/SiteSections/SectionLog/SectionUnitStratigraphy/IsotopeStratigraphicDeterminations/IsotopeStratigraphicDetermination,6,SiteStratigraphy,IsotopeStratigraphicDeterminationsType,local,efg:IdentifiersType,EFG named complexType,complex,0,1,N,N,0,,
605,SiteStratigraphy/SiteSections/SectionLog/SectionUnitStratigraphy/IsotopeStratigraphicDeterminations/IsotopeStratigraphicDetermination/Identifiers/Person,Person,SiteStratigraphy/SiteSections/SectionLog/SectionUnitStratigraphy/IsotopeStratigraphicDeterminations/IsotopeStratigraphicDetermination/Identifiers,7,SiteStratigraphy,IdentifiersType,local,abcd:PersonName,ABCD 2.06 (external),complex (ABCD),0,unbounded,N,Y,0,,Person type from the abcd schema
606,SiteStratigraphy/SiteSections/SectionLog/SectionUnitStratigraphy/IsotopeStratigraphicDeterminations/IsotopeStratigraphicDetermination/Identifiers/Organisation,Organisation,SiteStratigraphy/SiteSections/SectionLog/SectionUnitStratigraphy/IsotopeStratigraphicDeterminations/IsotopeStratigraphicDetermination/Identifiers,7,SiteStratigraphy,IdentifiersType,local,abcd:Organisation,ABCD 2.06 (external),complex (ABCD),0,unbounded,N,Y,0,,Organisation type from the abcd schema
607,SiteStratigraphy/SiteSections/SectionLog/SectionUnitStratigraphy/IsotopeStratigraphicDeterminations/IsotopeStratigraphicDetermination/AnalysisReferences,AnalysisReferences,SiteStratigraphy/SiteSections/SectionLog/SectionUnitStratigraphy/IsotopeStratigraphicDeterminations/IsotopeStratigraphicDetermination,6,SiteStratigraphy,IsotopeStratigraphicDeterminationsType,global (ref),(anonymous complexType),EFG inline,complex,0,1,N,N,0,,Container for 1 or more references related to the analysis
608,SiteStratigraphy/SiteSections/SectionLog/SectionUnitStratigraphy/IsotopeStratigraphicDeterminations/IsotopeStratigraphicDetermination/AnalysisReferences/AnalysisReference,AnalysisReference,SiteStratigraphy/SiteSections/SectionLog/SectionUnitStratigraphy/IsotopeStratigraphicDeterminations/IsotopeStratigraphicDetermination/AnalysisReferences,7,SiteStratigraphy,IsotopeStratigraphicDeterminationsType,local,abcd:Reference,ABCD 2.06 (external),complex (ABCD),1,unbounded,Y,Y,0,,Individual documentary reference linked to an analysis. Uses abcd:Reference Type
609,SiteStratigraphy/SiteSections/SectionLog/SectionUnitStratigraphy/RadiometricDates,RadiometricDates,SiteStratigraphy/SiteSections/SectionLog/SectionUnitStratigraphy,4,SiteStratigraphy,StratigraphicAttributionsType,local,efg:RadiometricDatesType,EFG named complexType,complex,0,1,N,N,0,,Container for absolute dates obtained from radiometric analysis.
610,SiteStratigraphy/SiteSections/SectionLog/SectionUnitStratigraphy/RadiometricDates/RadiometricDate,RadiometricDate,SiteStratigraphy/SiteSections/SectionLog/SectionUnitStratigraphy/RadiometricDates,5,SiteStratigraphy,RadiometricDatesType,local,(anonymous complexType),EFG inline,complex,1,unbounded,Y,Y,0,,Container for a single radiometric date analysis
611,SiteStratigraphy/SiteSections/SectionLog/SectionUnitStratigraphy/RadiometricDates/RadiometricDate/RadiometricDatingMethod,RadiometricDatingMethod,SiteStratigraphy/SiteSections/SectionLog/SectionUnitStratigraphy/RadiometricDates/RadiometricDate,6,SiteStratigraphy,RadiometricDatesType,local,xs:string,XML Schema built-in,simple,1,1,Y,N,0,,"Method, analysis technique used to determine date e.g. radiocarbon, Potassium-Argon etc."
612,SiteStratigraphy/SiteSections/SectionLog/SectionUnitStratigraphy/RadiometricDates/RadiometricDate/MaterialDated,MaterialDated,SiteStratigraphy/SiteSections/SectionLog/SectionUnitStratigraphy/RadiometricDates/RadiometricDate,6,SiteStratigraphy,RadiometricDatesType,local,xs:string,XML Schema built-in,simple,0,1,N,N,0,,"What was actually dated? e.g. Glauconite grains in a sandstone, wood from peat-core etc."
613,SiteStratigraphy/SiteSections/SectionLog/SectionUnitStratigraphy/RadiometricDates/RadiometricDate/EarliestDate,EarliestDate,SiteStratigraphy/SiteSections/SectionLog/SectionUnitStratigraphy/RadiometricDates/RadiometricDate,6,SiteStratigraphy,RadiometricDatesType,local,xs:string,XML Schema built-in,simple,1,1,Y,N,0,,The earliest date in a date range suggested by the analysis or the single date if only one is given
614,SiteStratigraphy/SiteSections/SectionLog/SectionUnitStratigraphy/RadiometricDates/RadiometricDate/LatestDate,LatestDate,SiteStratigraphy/SiteSections/SectionLog/SectionUnitStratigraphy/RadiometricDates/RadiometricDate,6,SiteStratigraphy,RadiometricDatesType,local,xs:string,XML Schema built-in,simple,0,1,N,N,0,,The latest date where a range of values is given
615,SiteStratigraphy/SiteSections/SectionLog/SectionUnitStratigraphy/RadiometricDates/RadiometricDate/TimeUnit,TimeUnit,SiteStratigraphy/SiteSections/SectionLog/SectionUnitStratigraphy/RadiometricDates/RadiometricDate,6,SiteStratigraphy,RadiometricDatesType,local,xs:string,XML Schema built-in,simple,1,1,Y,N,0,,The time units being measured or how the numbers are expressed e.g. millions of years B.P. or thousands of years B.C.
616,SiteStratigraphy/SiteSections/SectionLog/SectionUnitStratigraphy/RadiometricDates/RadiometricDate/DatingAccuracy,DatingAccuracy,SiteStratigraphy/SiteSections/SectionLog/SectionUnitStratigraphy/RadiometricDates/RadiometricDate,6,SiteStratigraphy,RadiometricDatesType,local,xs:string,XML Schema built-in,simple,0,1,N,N,0,,The degree of certainty or likely accuracy of the dating analysis e.g. +/- 1 m.y.
617,SiteStratigraphy/SiteSections/SectionLog/SectionUnitStratigraphy/RadiometricDates/RadiometricDate/DatingComment,DatingComment,SiteStratigraphy/SiteSections/SectionLog/SectionUnitStratigraphy/RadiometricDates/RadiometricDate,6,SiteStratigraphy,RadiometricDatesType,local,xs:string,XML Schema built-in,simple,0,1,N,N,0,,Free text description of the anlysis or its result.
618,SiteStratigraphy/SiteSections/SectionLog/SectionUnitStratigraphy/RadiometricDates/RadiometricDate/AnalysisDateTime,AnalysisDateTime,SiteStratigraphy/SiteSections/SectionLog/SectionUnitStratigraphy/RadiometricDates/RadiometricDate,6,SiteStratigraphy,RadiometricDatesType,global (ref),(anonymous complexType),EFG inline,complex,0,1,N,N,0,,When the analysis was carried out
619,SiteStratigraphy/SiteSections/SectionLog/SectionUnitStratigraphy/RadiometricDates/RadiometricDate/AnalysisDateTime/ExactDate,ExactDate,SiteStratigraphy/SiteSections/SectionLog/SectionUnitStratigraphy/RadiometricDates/RadiometricDate/AnalysisDateTime,7,SiteStratigraphy,RadiometricDatesType,local,abcd:DateTime,ABCD 2.06 (external),complex (ABCD),0,1,N,N,0,,Uses DateTime element from ABCD
620,SiteStratigraphy/SiteSections/SectionLog/SectionUnitStratigraphy/RadiometricDates/RadiometricDate/AnalysisDateTime/DateText,DateText,SiteStratigraphy/SiteSections/SectionLog/SectionUnitStratigraphy/RadiometricDates/RadiometricDate/AnalysisDateTime,7,SiteStratigraphy,RadiometricDatesType,local,xs:string,XML Schema built-in,simple,0,1,N,N,0,,Free text to allow for vague dates or description of analysis period.
621,SiteStratigraphy/SiteSections/SectionLog/SectionUnitStratigraphy/RadiometricDates/RadiometricDate/Identifiers,Identifiers,SiteStratigraphy/SiteSections/SectionLog/SectionUnitStratigraphy/RadiometricDates/RadiometricDate,6,SiteStratigraphy,RadiometricDatesType,local,efg:IdentifiersType,EFG named complexType,complex,0,1,N,N,0,,
622,SiteStratigraphy/SiteSections/SectionLog/SectionUnitStratigraphy/RadiometricDates/RadiometricDate/Identifiers/Person,Person,SiteStratigraphy/SiteSections/SectionLog/SectionUnitStratigraphy/RadiometricDates/RadiometricDate/Identifiers,7,SiteStratigraphy,IdentifiersType,local,abcd:PersonName,ABCD 2.06 (external),complex (ABCD),0,unbounded,N,Y,0,,Person type from the abcd schema
623,SiteStratigraphy/SiteSections/SectionLog/SectionUnitStratigraphy/RadiometricDates/RadiometricDate/Identifiers/Organisation,Organisation,SiteStratigraphy/SiteSections/SectionLog/SectionUnitStratigraphy/RadiometricDates/RadiometricDate/Identifiers,7,SiteStratigraphy,IdentifiersType,local,abcd:Organisation,ABCD 2.06 (external),complex (ABCD),0,unbounded,N,Y,0,,Organisation type from the abcd schema
624,SiteStratigraphy/SiteSections/SectionLog/SectionUnitStratigraphy/RadiometricDates/RadiometricDate/AnalysisReferences,AnalysisReferences,SiteStratigraphy/SiteSections/SectionLog/SectionUnitStratigraphy/RadiometricDates/RadiometricDate,6,SiteStratigraphy,RadiometricDatesType,global (ref),(anonymous complexType),EFG inline,complex,0,1,N,N,0,,Container for 1 or more references related to the analysis
625,SiteStratigraphy/SiteSections/SectionLog/SectionUnitStratigraphy/RadiometricDates/RadiometricDate/AnalysisReferences/AnalysisReference,AnalysisReference,SiteStratigraphy/SiteSections/SectionLog/SectionUnitStratigraphy/RadiometricDates/RadiometricDate/AnalysisReferences,7,SiteStratigraphy,RadiometricDatesType,local,abcd:Reference,ABCD 2.06 (external),complex (ABCD),1,unbounded,Y,Y,0,,Individual documentary reference linked to an analysis. Uses abcd:Reference Type
626,SiteStratigraphy/SiteSections/SectionLog/SectionUnitStratigraphy/PositionInSequence,PositionInSequence,SiteStratigraphy/SiteSections/SectionLog/SectionUnitStratigraphy,4,SiteStratigraphy,StratigraphicAttributionsType,local,xs:string,XML Schema built-in,simple,0,1,N,N,0,,The position this stratigraphic 'unit' has in the sequence for the site. e.g. a bed number
627,SiteStratigraphy/SiteSections/SectionLog/SectionUnitSamples,SectionUnitSamples,SiteStratigraphy/SiteSections/SectionLog,3,SiteStratigraphy,StratigraphicSectionType,local,(anonymous complexType),EFG inline,complex,0,1,N,N,0,,Container for samples taken from this layer. This should just list ABCD unit GUIDs to detailed unit/sample records but could be extended to use global types to create a standalone schema
628,SiteStratigraphy/SiteSections/SectionLog/SectionUnitSamples/SectionUnitSample,SectionUnitSample,SiteStratigraphy/SiteSections/SectionLog/SectionUnitSamples,4,SiteStratigraphy,StratigraphicSectionType,local,(anonymous complexType),EFG inline,complex,1,unbounded,Y,Y,0,,Container for a single sample taken from this layer
629,SiteStratigraphy/SiteSections/SectionLog/SectionUnitSamples/SectionUnitSample/SampleGUID,SampleGUID,SiteStratigraphy/SiteSections/SectionLog/SectionUnitSamples/SectionUnitSample,5,SiteStratigraphy,StratigraphicSectionType,local,xs:string,XML Schema built-in,simple,0,1,N,N,0,,A unique identifier for another Unit Record in ABCD
630,SiteStratigraphy/SiteSections/SectionLog/SectionUnitSamples/SectionUnitSample/SampleRef,SampleRef,SiteStratigraphy/SiteSections/SectionLog/SectionUnitSamples/SectionUnitSample,5,SiteStratigraphy,StratigraphicSectionType,local,xs:anyType,unspecified,any,0,1,N,N,0,,"Identifier for this sample e.g. field log sample number, registration number or similar"
631,SiteStratigraphy/SiteSections/SectionLog/SectionUnitSamples/SectionUnitSample/SampleType,SampleType,SiteStratigraphy/SiteSections/SectionLog/SectionUnitSamples/SectionUnitSample,5,SiteStratigraphy,StratigraphicSectionType,local,xs:anyType,unspecified,any,1,1,Y,N,0,,What sort of sample this is. Could be an enumerated list
632,SiteStratigraphy/SiteSections/SectionLog/SectionUnitSamples/SectionUnitSample/SampleText,SampleText,SiteStratigraphy/SiteSections/SectionLog/SectionUnitSamples/SectionUnitSample,5,SiteStratigraphy,StratigraphicSectionType,local,xs:string,XML Schema built-in,simple,0,1,N,N,0,,Short description of sample - longer descriptions should be treated under separate unit records.
633,SiteStratigraphy/SiteSections/SectionLog/SectionUnitImages,SectionUnitImages,SiteStratigraphy/SiteSections/SectionLog,3,SiteStratigraphy,StratigraphicSectionType,local,(anonymous complexType),EFG inline,complex,0,1,N,N,0,,"Container for images related to this bed, layer or body within the measured section or borehole."
634,SiteStratigraphy/SiteSections/SectionLog/SectionUnitImages/SectionUnitImage,SectionUnitImage,SiteStratigraphy/SiteSections/SectionLog/SectionUnitImages,4,SiteStratigraphy,StratigraphicSectionType,local,abcd:MultiMediaObject,ABCD 2.06 (external),complex (ABCD),1,1,Y,N,0,,Placeholder for multimedia complex type from main ABCD schema
635,SiteStratigraphy/SiteSections/Borehole,Borehole,SiteStratigraphy/SiteSections,2,SiteStratigraphy,StratigraphicSectionType,local,(anonymous complexType),EFG inline,complex,0,1,N,N,0,,Container for details specific to boreholes and wells. Does not contain spatial reference as this and details of platform etc. are under Gathering in main ABCD schema - but they could be copied to make an independent schema.
636,SiteStratigraphy/SiteSections/Borehole/DrillMethod,DrillMethod,SiteStratigraphy/SiteSections/Borehole,3,SiteStratigraphy,StratigraphicSectionType,local,xs:string,XML Schema built-in,simple,0,1,N,N,0,,"How the borehole or well was drilled e.g. reverse circulation drilling, diamond coring, percussion drilling, auger drilling, rotary/barber drilling etc."
637,SiteStratigraphy/SiteSections/Borehole/TypeOfBit,TypeOfBit,SiteStratigraphy/SiteSections/Borehole,3,SiteStratigraphy,StratigraphicSectionType,local,xs:string,XML Schema built-in,simple,0,1,N,N,0,,What type bit was used in the drilling / cutting process - can include diameter and type code
638,SiteStratigraphy/SiteSections/Borehole/HoleDiameter,HoleDiameter,SiteStratigraphy/SiteSections/Borehole,3,SiteStratigraphy,StratigraphicSectionType,local,xs:string,XML Schema built-in,simple,0,1,N,N,0,,Diameter of the borehole in milliimetres
639,SiteStratigraphy/SiteSections/Borehole/HoleDirection,HoleDirection,SiteStratigraphy/SiteSections/Borehole,3,SiteStratigraphy,StratigraphicSectionType,local,xs:string,XML Schema built-in,simple,0,1,N,N,0,,Direction and inclination of the borehole or well
640,SiteStratigraphy/SiteSections/Borehole/TotalDepth,TotalDepth,SiteStratigraphy/SiteSections/Borehole,3,SiteStratigraphy,StratigraphicSectionType,local,xs:string,XML Schema built-in,simple,0,1,N,N,0,,The total depth in metres that was bored or dug
641,SiteStratigraphy/SiteSections/Borehole/OverburdenThickness,OverburdenThickness,SiteStratigraphy/SiteSections/Borehole,3,SiteStratigraphy,StratigraphicSectionType,local,xs:string,XML Schema built-in,simple,0,1,N,N,0,,Thickness in metres of non-logged over-burden before solid or logged material was reached.
642,SiteStratigraphy/SiteSections/Borehole/Contractor,Contractor,SiteStratigraphy/SiteSections/Borehole,3,SiteStratigraphy,StratigraphicSectionType,local,xs:string,XML Schema built-in,simple,0,1,N,N,0,,The drilling contractor who carried out the work
643,SiteStratigraphy/SiteSections/Borehole/NumberOfCoreBoxes,NumberOfCoreBoxes,SiteStratigraphy/SiteSections/Borehole,3,SiteStratigraphy,StratigraphicSectionType,local,xs:integer,XML Schema built-in,simple,0,1,N,N,0,,How many core boxes were collected from the borehole or well - integer
644,SiteStratigraphy/SiteSections/Borehole/TotalCoreRecovery,TotalCoreRecovery,SiteStratigraphy/SiteSections/Borehole,3,SiteStratigraphy,StratigraphicSectionType,local,xs:string,XML Schema built-in,simple,0,1,N,N,0,,What percentage of the drilled material was recovered?
645,SiteStratigraphy/SiteSections/Borehole/CommissionedBy,CommissionedBy,SiteStratigraphy/SiteSections/Borehole,3,SiteStratigraphy,StratigraphicSectionType,local,xs:string,XML Schema built-in,simple,0,1,N,N,0,,Company or organisation who commissioned the borehole or well
646,SiteStratigraphy/SiteSections/Borehole/Geologists,Geologists,SiteStratigraphy/SiteSections/Borehole,3,SiteStratigraphy,StratigraphicSectionType,local,efg:IdentifiersType,EFG named complexType,complex,0,1,N,N,0,,The geologist(s) and or organisation responsible for logging the borehole and or maintaining the borehole record.
647,SiteStratigraphy/SiteSections/Borehole/Geologists/Person,Person,SiteStratigraphy/SiteSections/Borehole/Geologists,4,SiteStratigraphy,IdentifiersType,local,abcd:PersonName,ABCD 2.06 (external),complex (ABCD),0,unbounded,N,Y,0,,Person type from the abcd schema
648,SiteStratigraphy/SiteSections/Borehole/Geologists/Organisation,Organisation,SiteStratigraphy/SiteSections/Borehole/Geologists,4,SiteStratigraphy,IdentifiersType,local,abcd:Organisation,ABCD 2.06 (external),complex (ABCD),0,unbounded,N,Y,0,,Organisation type from the abcd schema
649,SiteStratigraphy/SiteSections/StratigraphicSectionImages,StratigraphicSectionImages,SiteStratigraphy/SiteSections,2,SiteStratigraphy,StratigraphicSectionType,local,(anonymous complexType),EFG inline,complex,0,1,N,N,0,,Container for images of the stratigraphic section or borehole and related media.
650,SiteStratigraphy/SiteSections/StratigraphicSectionImages/StratigraphicSectionImage,StratigraphicSectionImage,SiteStratigraphy/SiteSections/StratigraphicSectionImages,3,SiteStratigraphy,StratigraphicSectionType,local,abcd:MultiMediaObject,ABCD 2.06 (external),complex (ABCD),1,unbounded,Y,Y,0,,This is a placeholder for MultiMedia complex type from the main ABCD schema
651,MineralRockIdentified,MineralRockIdentified,,0,MineralRockIdentified,(schema),global,efg:MineralRockIdentifiedType,EFG named complexType,complex,1,1,Y,N,0,,
652,MineralRockIdentified/MineralRockGroup,MineralRockGroup,MineralRockIdentified,1,MineralRockIdentified,MineralRockIdentifiedType,local,(anonymous complexType),EFG inline,complex,0,unbounded,N,Y,0,,"Equivalent to higher taxon for plants and animals. Container for multiple higher groupings for minerals (e.g. silicates, inosilicates) and rocks (e.g. sedimentary, clastic, igneous, extrusive etc.)"
653,MineralRockIdentified/MineralRockGroup/MineralRockGroupName,MineralRockGroupName,MineralRockIdentified/MineralRockGroup,2,MineralRockIdentified,MineralRockIdentifiedType,local,xs:string,XML Schema built-in,simple,1,1,Y,N,0,,A single instance of a higher 'taxon' for minerals e.g. Silicates or for rocks e.g. Pyroclstic or meteorites e.g. Carbonaceous Chondrite
654,MineralRockIdentified/MineralRockGroup/MineralRockClassification,MineralRockClassification,MineralRockIdentified/MineralRockGroup,2,MineralRockIdentified,MineralRockIdentifiedType,local,xs:string,XML Schema built-in,simple,0,1,N,N,0,,"Classification to which the group name belongs e.g. Dana, Strunz etc."
655,MineralRockIdentified/ClassifiedName,ClassifiedName,MineralRockIdentified,1,MineralRockIdentified,MineralRockIdentifiedType,local,(anonymous complexType),EFG inline,complex,0,1,N,N,0,,The formal name for the rock or mineral according to a given classification scheme
656,MineralRockIdentified/ClassifiedName/FullScientificNameString,FullScientificNameString,MineralRockIdentified/ClassifiedName,2,MineralRockIdentified,MineralRockIdentifiedType,local,xs:string,XML Schema built-in,simple,0,1,N,N,0,,Full formal name string as used in 'Taxon Identified' in main schema
657,MineralRockIdentified/ClassifiedName/MineralRockNameAtomised,MineralRockNameAtomised,MineralRockIdentified/ClassifiedName,2,MineralRockIdentified,MineralRockIdentifiedType,local,(anonymous complexType),EFG inline,complex,0,1,N,N,0,,"Container for formal name elements for rocks, minerals and meteorites"
658,MineralRockIdentified/ClassifiedName/MineralRockNameAtomised/ScientificNameString,ScientificNameString,MineralRockIdentified/ClassifiedName/MineralRockNameAtomised,3,MineralRockIdentified,MineralRockIdentifiedType,local,xs:string,XML Schema built-in,simple,1,1,Y,N,0,,"Equivalent of Scientific Name but minerals and rocks do not use binomials e.g. Quartz, Fluorite etc."
659,MineralRockIdentified/ClassifiedName/MineralRockNameAtomised/AuthorTeamAndYear,AuthorTeamAndYear,MineralRockIdentified/ClassifiedName/MineralRockNameAtomised,3,MineralRockIdentified,MineralRockIdentifiedType,local,xs:string,XML Schema built-in,simple,0,1,N,N,0,,who named the mineral or rock and when
660,MineralRockIdentified/ClassifiedName/MineralRockNameAtomised/MineralRockClassification,MineralRockClassification,MineralRockIdentified/ClassifiedName/MineralRockNameAtomised,3,MineralRockIdentified,MineralRockIdentifiedType,local,xs:string,XML Schema built-in,simple,0,1,N,N,0,,The classification from which this mineral or rockname has been taken
661,MineralRockIdentified/InformalNameString,InformalNameString,MineralRockIdentified,1,MineralRockIdentified,MineralRockIdentifiedType,local,xs:string,XML Schema built-in,simple,0,1,N,N,0,,Common name or language variant of formal mineral or rock name e.g. Fluor Spar. Includes attribute for language.
662,MineralRockIdentified/VarietalNameString,VarietalNameString,MineralRockIdentified,1,MineralRockIdentified,MineralRockIdentifiedType,local,xs:string,XML Schema built-in,simple,0,1,N,N,0,,"Name given to a variety of the mineral, usually based on its colour or form e.g. Saphire is a blue form of Corundum, Moss Agate and Carnelian are varieties of cryptocrystalline Quartz. Marston Marble is a varietal trade name for a biomicrite from Lower Jurassic. Includes attribute for language."
663,MineralRockIdentified/NameAddendum,NameAddendum,MineralRockIdentified,1,MineralRockIdentified,MineralRockIdentifiedType,local,xs:string,XML Schema built-in,simple,0,1,N,N,0,,element from TaxonIdentified complex type
664,MineralRockIdentified/IdentificationQualifier,IdentificationQualifier,MineralRockIdentified,1,MineralRockIdentified,MineralRockIdentifiedType,local,xs:string,XML Schema built-in,simple,0,1,N,N,0,,Element as used in TaxonIdentified
665,MineralRockIdentified/Certainty,Certainty,MineralRockIdentified,1,MineralRockIdentified,MineralRockIdentifiedType,global (ref),xs:string,XML Schema built-in,simple,0,1,N,N,0,,"Degree of certainty associated with the date determination e.g. unknown, certain, uncertain, possibly, known wrong."
666,MineralRockIdentified/NameComments,NameComments,MineralRockIdentified,1,MineralRockIdentified,MineralRockIdentifiedType,local,xs:anyType,unspecified,any,0,1,N,N,0,,Free text relating to the identification of the mineral or rock
667,IdentificationAnalysis,IdentificationAnalysis,,0,IdentificationAnalysis,(schema),global,efg:IdentificationAnalysisType,EFG named complexType,complex,1,1,Y,N,0,,container for analytical techniques employed for identifying a mineral or rock. Note that this differs from the existing Measurement element in that it allows for multiple values to be obtained from a single analysis e.g. percentage values of elements in a mineral.
668,IdentificationAnalysis/IdentificationAnalysisAtomised,IdentificationAnalysisAtomised,IdentificationAnalysis,1,IdentificationAnalysis,IdentificationAnalysisType,local,efg:AnalysisAtomisedType,EFG named complexType,complex,0,unbounded,N,Y,0,,
669,IdentificationAnalysis/IdentificationAnalysisAtomised/AnalysisMethod,AnalysisMethod,IdentificationAnalysis/IdentificationAnalysisAtomised,2,IdentificationAnalysis,AnalysisAtomisedType,local,xs:string,XML Schema built-in,simple,1,1,Y,N,0,,"Analytical method used e.g. x-ray diffraction, electron probe, chemical analysis or thin section."
670,IdentificationAnalysis/IdentificationAnalysisAtomised/AnalysisDateTime,AnalysisDateTime,IdentificationAnalysis/IdentificationAnalysisAtomised,2,IdentificationAnalysis,AnalysisAtomisedType,global (ref),(anonymous complexType),EFG inline,complex,0,1,N,N,0,,When the analysis was carried out
671,IdentificationAnalysis/IdentificationAnalysisAtomised/AnalysisDateTime/ExactDate,ExactDate,IdentificationAnalysis/IdentificationAnalysisAtomised/AnalysisDateTime,3,IdentificationAnalysis,AnalysisAtomisedType,local,abcd:DateTime,ABCD 2.06 (external),complex (ABCD),0,1,N,N,0,,Uses DateTime element from ABCD
672,IdentificationAnalysis/IdentificationAnalysisAtomised/AnalysisDateTime/DateText,DateText,IdentificationAnalysis/IdentificationAnalysisAtomised/AnalysisDateTime,3,IdentificationAnalysis,AnalysisAtomisedType,local,xs:string,XML Schema built-in,simple,0,1,N,N,0,,Free text to allow for vague dates or description of analysis period.
673,IdentificationAnalysis/IdentificationAnalysisAtomised/AnalysisBy,AnalysisBy,IdentificationAnalysis/IdentificationAnalysisAtomised,2,IdentificationAnalysis,AnalysisAtomisedType,local,efg:IdentifiersType,EFG named complexType,complex,0,1,N,N,0,,Persons or organisations carrying out the analysis
674,IdentificationAnalysis/IdentificationAnalysisAtomised/AnalysisBy/Person,Person,IdentificationAnalysis/IdentificationAnalysisAtomised/AnalysisBy,3,IdentificationAnalysis,IdentifiersType,local,abcd:PersonName,ABCD 2.06 (external),complex (ABCD),0,unbounded,N,Y,0,,Person type from the abcd schema
675,IdentificationAnalysis/IdentificationAnalysisAtomised/AnalysisBy/Organisation,Organisation,IdentificationAnalysis/IdentificationAnalysisAtomised/AnalysisBy,3,IdentificationAnalysis,IdentifiersType,local,abcd:Organisation,ABCD 2.06 (external),complex (ABCD),0,unbounded,N,Y,0,,Organisation type from the abcd schema
676,IdentificationAnalysis/IdentificationAnalysisAtomised/AnalysisText,AnalysisText,IdentificationAnalysis/IdentificationAnalysisAtomised,2,IdentificationAnalysis,AnalysisAtomisedType,local,xs:string,XML Schema built-in,simple,0,1,N,N,0,,"Free text to describe the analysis. This may be of value, for instance, if the mineral has been confirmed by x-ray diffraction but no actual analysis data are given in the analytical results."
677,IdentificationAnalysis/IdentificationAnalysisAtomised/AnalysisReferences,AnalysisReferences,IdentificationAnalysis/IdentificationAnalysisAtomised,2,IdentificationAnalysis,AnalysisAtomisedType,global (ref),(anonymous complexType),EFG inline,complex,0,1,N,N,0,,Container for 1 or more references related to the analysis
678,IdentificationAnalysis/IdentificationAnalysisAtomised/AnalysisReferences/AnalysisReference,AnalysisReference,IdentificationAnalysis/IdentificationAnalysisAtomised/AnalysisReferences,3,IdentificationAnalysis,AnalysisAtomisedType,local,abcd:Reference,ABCD 2.06 (external),complex (ABCD),1,unbounded,Y,Y,0,,Individual documentary reference linked to an analysis. Uses abcd:Reference Type
679,IdentificationAnalysis/IdentificationAnalysisAtomised/AnalysisResults,AnalysisResults,IdentificationAnalysis/IdentificationAnalysisAtomised,2,IdentificationAnalysis,AnalysisAtomisedType,local,(anonymous complexType),EFG inline,complex,1,1,Y,N,0,,Container for multiple values obtained by analysis e.g. percentages of different elements present
680,IdentificationAnalysis/IdentificationAnalysisAtomised/AnalysisResults/AnalysisResult,AnalysisResult,IdentificationAnalysis/IdentificationAnalysisAtomised/AnalysisResults,3,IdentificationAnalysis,AnalysisAtomisedType,local,(anonymous complexType),EFG inline,complex,1,unbounded,Y,Y,0,,Individual measurement made during an analysis e.g. the chemical composition of a mineral
681,IdentificationAnalysis/IdentificationAnalysisAtomised/AnalysisResults/AnalysisResult/Parameter,Parameter,IdentificationAnalysis/IdentificationAnalysisAtomised/AnalysisResults/AnalysisResult,4,IdentificationAnalysis,AnalysisAtomisedType,local,xs:string,XML Schema built-in,simple,1,1,Y,N,0,,What the given value refers to e.g. amount of an individual element present in a crystalline structure or it could be chemical formula
682,IdentificationAnalysis/IdentificationAnalysisAtomised/AnalysisResults/AnalysisResult/AppliesTo,AppliesTo,IdentificationAnalysis/IdentificationAnalysisAtomised/AnalysisResults/AnalysisResult,4,IdentificationAnalysis,AnalysisAtomisedType,local,xs:string,XML Schema built-in,simple,0,1,N,N,0,,Used to qualify the measurement parameter
683,IdentificationAnalysis/IdentificationAnalysisAtomised/AnalysisResults/AnalysisResult/UnitOfMeasurement,UnitOfMeasurement,IdentificationAnalysis/IdentificationAnalysisAtomised/AnalysisResults/AnalysisResult,4,IdentificationAnalysis,AnalysisAtomisedType,local,xs:string,XML Schema built-in,simple,1,1,Y,N,0,,The scale used for measurements in the analysis e.g. % for amounts or RI for refractive index.
684,IdentificationAnalysis/IdentificationAnalysisAtomised/AnalysisResults/AnalysisResult/LowerValue,LowerValue,IdentificationAnalysis/IdentificationAnalysisAtomised/AnalysisResults/AnalysisResult,4,IdentificationAnalysis,AnalysisAtomisedType,local,xs:string,XML Schema built-in,simple,1,1,Y,N,0,,Lower value of a range or single value. This can be expressed as a measured value e.g. 45% or as a chemical formula e.g. NaCl
685,IdentificationAnalysis/IdentificationAnalysisAtomised/AnalysisResults/AnalysisResult/UpperValue,UpperValue,IdentificationAnalysis/IdentificationAnalysisAtomised/AnalysisResults/AnalysisResult,4,IdentificationAnalysis,AnalysisAtomisedType,local,xs:string,XML Schema built-in,simple,0,1,N,N,0,,Higher value or upper limit of range of values
686,IdentificationAnalysis/IdentificationAnalysisAtomised/AnalysisResults/AnalysisResult/Accuracy,Accuracy,IdentificationAnalysis/IdentificationAnalysisAtomised/AnalysisResults/AnalysisResult,4,IdentificationAnalysis,AnalysisAtomisedType,local,xs:string,XML Schema built-in,simple,0,1,N,N,0,,experimental degree of eror e.g. +/- 5%
687,IdentificationAnalysis/IdentificationAnalysisAtomised/AnalysisResults/AnalysisResult/AnalysisResultComment,AnalysisResultComment,IdentificationAnalysis/IdentificationAnalysisAtomised/AnalysisResults/AnalysisResult,4,IdentificationAnalysis,AnalysisAtomisedType,local,xs:string,XML Schema built-in,simple,0,1,N,N,0,,Free text comment relating to the analysis results
688,NamedGeologicalFeature,NamedGeologicalFeature,,0,NamedGeologicalFeature,(schema),global,xs:string,XML Schema built-in,simple,1,1,Y,N,0,,"The name for a geologic feature that is not a placename e.g. 'The Great Whin Sill', 'Bodmin Granite' or 'The Great Glen Fault'. Many landscape scale geologic and geomorphic features have names."
